aak;aok-aoke-äökske 
aal;aol-aole-äölke 
aalbes;mie~mere 
aalmoes;aalmoos 
aan elkaar;aanein 
aanbesteding;aanbestaejing 
aanbetaling;jatmoos 
aanbevelen;aanrekómmandere-rekómmandeerde aan-aangerekómmandeerd 
aanbieden;aanbeje - booj aan - aangebaoje 
aanbinden;aanknuppe-knupde aan - aangeknup / aanknuipe-knuipde aan-aangeknuip 
aandachtig;aandechtig / met bedraag 
aandikken;aandieke-diekde aan - aangediek 
aandoenlijk;aandeunlik 
aaneengesloten;aaneinaan 
aanhangwagen;aanhenger 
aankleden;aantrekke-trok aan-aangetrokke / aandoon-deej aan-aangedaon 
aankleden ( slordig );aanpóngele-póngelde aan-aangepóngeld 
aankleden ( lukraak );aandoedele -doedelde aan-aangedoedeld 
aankomst;aankóms 
aanlengen;aanlinge-lingde aan-aangelink 
aanlenglimonade;aanling 
aanloop;aanloup 
aanmaning;maanbreef-maanbreve 
aanpassen;veuge-veugde-geveug 
aanraken;aankómme-kwaam aan-aangekómme 
aanrecht;aanrek 
aanrommelen;aandoedele -doedelde aan-aangedoedeld / kraoze-kraosde-gekraos 
aanslag;aanslaag 
aansluiting;aansloe~ting 
aanspraak;aanspraok 
aanstellen;viola maken-makde viola-viola gemak 
aanstonds;zómmedein 
aantal;'ne gas 
aantrekkelijk;appetietelik 
aanvoerder;aanveurder 
aanwennen;aangewinne-gewinde aan-aangewind 
aanwensel;aangewuuente / aanwinsel 
aap;aap-ape-aepke 
aar;aor-aore-äörke 
aardappel;petat-petatte / pieper-piepers 
aardappelflensje;rie~fkook - rie~fkeuk - rie~fkukske 
aardappelschil;petatteschaal-petatteschale 
aardbei;aerbaes-aerbaeze-aerbaeske 
aarde;aerd 
aardig;kwant-kwanter-kwantste 
aarsgat;aarslaok 
aas;aos-äös-äöske 
aasvlieg;stróntvleeg 
abrikoos;abrikoeës-abrikoeëze-abrikuueske 
accoord;akkaord 
accordeon;trekbuul / trekmonica 
achterbroekzak;kóntetes / vottetes 
achterbuurtvolk;hetjesvolk 
achtereen;achterein 
achterom;achterum 
achterover;achtereuver 
achterste;echterste 
achterstevoren;echtersteveure 
achteruit;achteroe~t 
achterwege;achterwaeges 
achterwerk;bóksebaom / echterste / batterie / vot 
ad rem ( gevat );fien-fiener-fienst 
adem;aom-äömke / aosem 
ademen;aoseme-aosemde-geaosemp 
ader;aor-aore-äörke 
advocaat;advekaot-advekaote-advekäötje 
af;aaf 
afbidden;aafbaeje-baejde aaf-aafgebaejd 
afdeling;aafdeiling 
afdak;aafdaak-aafdake-aafdaekske 
afdoen;aafdoon-deej aaf-aafgedaon 
afgelasten;aaflasse-lasde aaf-aafgelas 
afgelopen;aafgeloupe / oe~t / sloes 
afgeven;aafgaeve-goof aaf-aafgegaeve 
afgezien van;bezwie~ges 
afgieten;aafschödde-schödde aaf-aafgeschöd 
afgrond;aafgrónd 
afkeer hebben;( zich ) schödde-schödde -geschöd 
afkomst;aafkóms 
afkomstig;aafkómstig 
afkraken;aafkeime-keimde aaf-aafgekeimp 
aflaat;aaflaot 
afloop;aafloup 
afmatten;aafpeigere-peigerde aaf-aafgepeigerd 
afmijnen;aafmiene-miende aaf-aafgemiend 
afnokken;aafhouwe-houwde aaf-aafgehouwd 
aframmelen;aafzale-zaalde aaf-aafgezaald / aafzwense-zwensde aaf-aafgezwens / betrekke-betrok-betrokke / deksele-dekselde-gedekseld / preugele-preugelde-gepreugeld / verkammezäöle-verkammezäölde-verkammezäöld 
aframmeling;preugel / zwaap / zwens 
afrasteren;aafmake-makde aaf-aafgemak 
afromen;aafroume-roumde aaf-aafgeroump 
afronden;aafmake-makde aaf-aafgemak 
afscheidsgroet;hojje 
afslanken;aafneme-noom aaf-aafgenaome 
afsluiting;aafsloe~ting 
afspraak;aafspraok-aafspraoke-aafspräökske 
afstemmen;aafstumme-stumde aaf-aafgestump 
aftroggelen;aafloekse-loeksde aaf-aafgeloeks 
afvaardigen;aafvaerdige-vaerdigde aaf-aafgevaerdig 
afwachting;aafwachting 
afwas;opwas 
afwassen;opwasse-wasde op-opgewas / schóttele wasse 
afzadelen;aafzale-zaalde aaf-aafgezaald 
afzeggen;kundige-kundigde-gekundig 
akelig;akelik-akeliker-akelikste 
Aken;Aoke 
akkerwinde;pispötje 
algemeen;algemein 
alleen;allein 
allegaartje;hómmelbóch 
allemaal;allemaol 
allemachtig;aojummig 
alpinopet;sjimmiepetje 
als;as 
alstublieft;astebleef 
altaar;altaor-altaors-altäörke 
altijd;altie~d 
alvast;alves / alvestes / festes / ves / vesjes / vestes 
alver;avel-aveltje 
alvorens;alveures 
amuseren;ammezere-ammezeerde-geammezeerd 
andersom;andersum 
anderzijds;anderdeils 
andijvie;andie~vie 
angst;ings / floep / begaoving 
angstig;schou~w - schouwer-schouwste 
anijs;anie~s 
anjer;flet-flette-fletje 
antraciet;anterciet 
antwoord;antwaord-antwaorde-antwäördje 
apotheek;aptie~k 
appel;appel-appelle-eppelke 
appelmoes;appelemoos-appelemeuske 
appelstroop;kroe~t - kruutje 
arbeider;werker-werkluuj 
Arcen;Aarse 
arm (znw);e~rm - erm - ermke 
arm (bnw);erm-ermer-ermste / gesjochte / keps 
armoede;ermooj / ermood / dalles / ozel / 
armoedig;ermeujig / schebbig 
armoedzaaier; erme sloeber / ermoodzeier / retekratser 
armsgat;ermsgaat-ermsgater-ermsgaetje 
asbak;assebak-assebek-assebekske 
askruisje;assekruutske 
asfalt;ter 
asperge;sperjus 
augurk;kómkómmer-kómkómmers-kómkummerke 
augurk (dik );bóm-bómme-bumke 
autochtoon;eigenheimer 
auto;auto-auto's-uiteke 
autoped;snelluiper 
autorijschool;autorieschoeël 
avegaar (grote boor);aever 
avond;aovend-aovende-äövendje 
azen;aoze-aosde-geaos 
azijn;aek 
Tilde : Um aan te gaeve det 'n waord 'ne lange klank haet gebroeke weej de tilde ( ~ ) Beej 't schrieve laote weej de tilde weg.

taai;tei-teier-teiste 
taart;taart-taarte-taertje 
tabak;tebak 
tafel;taofel-taofels-täöfelke 
tam;taam-tamer-taamste 
tamelijk;tamelik 
tand;bie~ter - bie~ters - bie~terke / tand-tand-tendje 
tang;tang-tange-tengske 
tapijt;tepeit 
tapkast;teek 
tapperij;tapperie 
tas;kallebas 
teef;tieëf-tieëve-tieëfke 
teen;tieën-tieëne-tieënke 
teer ( asfaltresidu );ter 
Tegelenaar;Pannekletser 
tegelijk;tegelie~k 
tegen;taege 
tegen elkaar;taegenein 
tegenspoed;taegespood 
tegenstelling;taegestelling 
tegenwoordig;taegeswaordig / allewiels / op vandaag / vandaag d'n daag 
tehuis;tehoe~s 
teken;teiken 
tekenen;teikene-teikende-geteikend 
telefoneren;belle 
telkens;ederskier / idderskier 
teneur;tenäör 
tenger;fien-fiener-fienste 
tentoonstelling;tentoeënstelling 
terloops;terluips 
termijn;termien 
terrein;plak / gelende 
terug;truuk 
terugweg;truukwaeg 
terwijl;terwiel 
tevens;taeves 
tevergeefs;tevergaefs 
tevoren;teveure 
tevreden;tevreje 
thuis;thoe~s 
tien;tieën-tieëntje 
tijd;tie~d 
tijdelijk;tiejelik 
tijding;tie~ding 
tijger;tie~ger - tie~gers - tie~gerke 
tikkertje;naoluiperke 
timmeren;tummere-tummerde-getummerd 
timmerman;tummerman-tummerluuj 
tobben;plare-plaarde-geplaard / kwaele-kwaelde-gekwaeld 
tocht;tóch 
toeter;feep / träöt 
toeteren;fepe-feepde-gefeep / träöte-träötde-geträöt 
tof;sjiek-sjieker-sjiekste / dóf-dóffer-dófste 
toffee;zoebelaer 
toilet;huuske 
tollen;doppe-dopde-gedop 
tomaat;temaat-temate-temaetje 
tompouce;crèmesnitje 
ton;tón-tónne-tönke 
toneel;tenie~l / buun 
tong;tóng-tónge-tungske 
toon;toeën-toeëne-tuuenke 
toren;tore-tores-teurentje 
tot;wies 
tot ziens;hojje 
totaal;ram / rats 
touw;touw-touwe-tuike 
touwtjespringen;tuikespringe-spróng tuike-tuikegesprónge 
tovenaar;touvenaer 
toveren;touvere-touverde-getouverd 
traag;traog-traoger-traogste 
traan;traon-traone-träönke 
traptrede;traej-traeje-traejke 
trekharmonica;trekbuul 
trekpleister;trekplaoster 
treuzelaar;femelkónt 
troebel maken;meure-meurde-gemeurd 
troffel;troefel-troefels-treufelke 
trom;tróm-trómme-trumke 
trommel;trómmel-trómmels-trummelke 
trommelstok;trómmelslaeger 
trompet;träöt-träöte-träötje 
troon;troeën-troeëne-truuenke 
troost;troeës 
troosten;troeëste-troeësde-getroeës 
trots;gruuets-gruuetser-gruuetste / stols 
trottoir;stoep-stoepe-stuupke 
trottoirtegel;plevuu~s - plevuze - plevuuske 
trouwakte;bótterbreefke 
trouwkostuum;broe~dspak 
trut;hellevaeg 
tuig;tuug 
tuin;haof-häöf-häöfke 
tuinbonen;paterstieëne / wölleboeëne 
tuinder;gerdeneer 
tulp;tölp 
turf;törf 
tussen;tösse 
tussenbeide;tössebeie 
twaalf;twelf 
twee;twieë 
tweede;twieëde / twieëds 
tweeling;twieëling 
tweetonig;twieëtuuenig 
twijfel;twie~fel 
twijfelaar;twie~felaer 
twijg;wiets-wietse-wietske 
twisten;aafstrieje-stree aaf-aafgestreje / straevele-straevelde-gestraeveld 
Tilde : Um aan te gaeve det 'n waord 'ne lange klank haet gebroeke weej de tilde ( ~ ) Beej 't schrieve laote weej de tilde weg.

daar;dao 
daaraan;dao-aan 
daarbij;daobeej 
daarginds;daoguns 
daarheen;daohaer 
daarna;daonao / naodehand 
daarnaast;daonaeve 
daarom;daorum / deswaege 
daarop;dao-op 
daarvan;daovan 
daarvoor;daoveur 
daas ( insect );daes-daeze-daeske 
dadelijk; dalik / drek / strakkes / zómmedein 
dag;daa~g-daag-daegske 
dagdeel;daagdeil 
dagloon;daagheur 
dak;daak-dake-daekske 
dakasfalt;pappendek 
dakdekker;daakdekker / leiendekker 
dame ( kaartspel );dam 
damestas;kallebas-kallebasse-kallebeske 
dampig;dempig 
dandy;fattie / sjiekaar 
dans;dans-danse-denske 
dansen;pie~re - pie~rde - gepie~rd 
darm;de~rm - derm-dermke 
das;das-des-deske 
dat;det 
deeg;deig 
deel;deil-deile-deilke 
deelnemer;deilnemer 
deftig;sjiek / fien 
degen;daege-daeges 
deken;daeke-daekes 
delen;deile-deilde-gedeild 
dempen;dempe-dempde-gedemp 
denken;dinke-dóch-gedóch 
denker;dinker 
denneappel;denneknoep-denneknuup 
derde;derds 
derhalve;alzoeë 
dertien;dertieën 
desnoods;desnoeëds 
dessin;desseng 
destijds;in daen tie~d / destie~ds 
deugd;deug 
deugen;douge-dougde-gedoug 
deugniet;neetnek / dougeniks / deugeneet / schalevaeger 
deuk;dumpel-dumpels-dumpelke / bluts-blutse-blutske 
deurhengsel;gehing 
dialect;dialek 
diaree;schie~t / slingerschiet 
dicht bijeen;doeën beejein 
dicht op elkaar;diek op ein 
dichtspijkeren;toenaegele 
dichtbevolkt;diekbevolk 
dichtbij;doeënbeej - doeënderbeej - doeënstebeej/ kortbeej - korterbeej - kortstebeej 
dief;deef 
dienen;dene-deende-gedeend 
dienst;deens 
dienstmeisje;maag / deensmaag 
diep;deep-deper-deepste 
diepte;deepte 
dier;bieës-bieëste-bieësjes 
dierbaar;deerbaar 
dijk;die~k 
dik;diek-dieker-diekste 
dik worden;aanzitte- zoot aan- aangezatte 
dikdoener;kaaljekker 
dikte;diekte 
dikzak;padjerol / vetbuul 
dille;finneke 
ding;dink-dinger-dingske 
dinsdag;dinsdaag 
direct;medein 
discussiëren;klasjenere-klasjeneerde-geklasjeneerd 
dochter;dochter-döchter-döchterke 
dode;doeëje 
doek;dook-deuk-dukske 
doen;doon-deej-gedaon 
dof;doef 
dolkmes;pluut 
domheid;dómmigheid 
dominee;daominee 
dommelen;doemele-doemelde-gedoemeld 
donateur;dónneteur 
donderbeestje;hómmelbieësje 
donderbui;hómmelschoor 
donderdag;dónderdaag 
donker;duuster 
donshaar;duvelshaor 
dood;doeëd 
doodgraver;doeëjegraver 
doodsbang;doeëdsbang 
doof;douf-douver-doufste 
dooi;duuej 
dooier;duuejer 
doop;duip 
doopakte;duipbewie~s 
doopkaars;duipkers 
doopsel;duipsel 
doopvont;duipvónt 
doordeweeks;werkendaags 
doorelkaar;doorein 
doorn;daoren-daores-däörentje 
doornhaag;däörehek 
doorslag;doorslaag 
doorslikken;verknouze-verknousde-verknous 
doortrappen;doorknaeje-knaejde door-doorgeknaejd 
doortrapper;doortraejer 
doos;doeës-doeëze-duueske 
dop;dop-döp-döpke 
dopen;duipe-duipde-geduip 
dorp;dörp-dörpe-dörpke 
dorpel;dörpel 
dorstig;dörstig-dörstiger-dörstigste 
dove;douve 
dozijn;dezien 
draad;draod-dräöd-dräödje 
draadnagel;draodnagel-draodnaegel 
draagbaar;börrie 
draai;drei-dreike 
draaibank;dreibank 
draaideur;dreideur 
draaien;dreie-dreide-gedreid 
draaierig;dreierig 
draaikolk;dreikolk 
draaikont;schravelbóks-schravelbókse-schravelbukske / wiebelkónt-wiebelkónte-wiebelkuntje 
draaimolen;dreimeule 
draaiorgel;drei-olleger 
draaischijf;dreischief 
draaitafel;dreitaofel 
draf;draf-drefke 
dragen;drage-droog-gedrage 
drank;drank-drenske 
drempel;dörpel 
dreumes;kroe~kestop / bóksemenke 
drevel;doorslaag 
drie;dreej 
drieërlei;drejerlei 
driehoek;dreejhook 
driehoekig;dreejkentig 
driftkikker;gifklier 
drijfnat;zie~pnaat 
drijfriem;drie~freem 
drijven;drie~ve - dreef - gedreve 
drinken;buize-buisde-gebuis / höffe-höfde-gehöf 
droevig;dreuvig-dreuviger-dreuvigste 
drogen;druuege-druuegde-gedruueg 
drol;drol-drolle-drölke 
dromen;druime-druimde-gedruimp 
dronkaard;buizerd / zatlap / zoe~pschuit / jeneverkoeët 
dronkemanspraat;zattemanspraot 
dronken;bezaope / blauw / buis / kuike / täöt 
droog;druueg-druueger-druuegste 
drooglijn;druuegdraod 
droogte;druuegte 
droom;droum-druime-druimke 
dropwater;sókkerpaek 
druipneus;druupneus / zie~pneus 
druk;drök-drökker-drökste 
drukken;drökke-drökde-gedrök 
drukte;gedeuns 
drukte maken;spandoe~ze - spandoe~sde - gespandoe~s 
druktemaker;dröktesmaeker 
druppel;dröppel-dröppels-dröppelke 
druppelen;dröppele-dröppelde-gedröppeld / drupe-druupde-gedruu~p 
dubbel;döbbel 
dubbelganger;döbbelgenger 
dubbeltje;döbbeltje-döbbeltjes 
duchtig;anstendig 
duidelijk;dudelik-dudeliker-dudelikste 
duif;doe~f - doe~ve - duufke 
duim;doem-duum-duumke 
duimen;doeme-doemde-gedoemp 
duimstok;doemstek 
duimzuigen;zoebele-zoebelde-gezoebeld / doeme-doemde-gedoemp 
duister;duuster-duusterder-duusterste 
Duitser;Pruus-Pruse 
Duitsland;Pruses 
duivel;duvel 
duizelen;dazele-dazelde-gedazeld / duzele-duzelde-geduzeld 
duizelig;dazelig / dol 
duizend;doe~zend 
dun;fien-fiener-fienste 
dulden;dölde-dölde-gedöld 
duren;deure-deurde-gedeurd 
durf;dörf 
durven;dörve-dörfde-gedörf 
duur (znw );deur 
duur ( bnw );möppig-möppiger-möppigste 
duw;douw-duike 
duwen;douwe-douwde-gedouwd 
dwaas;bleud / dölles / flabbedeies / flarus / gäötminäör 
dwarsligger;waerskop 
dweilorkest;joekskepel 
Tilde : Um aan te gaeve det 'n waord 'ne lange klank haet gebroeke weej de tilde ( ~ ) Beej 't schrieve laote weej de tilde weg.

baal;baalzak-baalzek-baalzekske 
baard;baard-baarde-baerdje 
Baarlo;Baolder 
babbelen;bebbele-bebbelde-gebebbeld 
baby;babbie-babbies-babbieke 
baden;baje-baajde-gebaajd / beie-beide-gebeid 
bagage;gepek 
bagagedrager;draeger 
bagatel;muggescheet 
bakker;bekker-bekkers-bekkerke 
bakkerij;bekkerie 
baksteen;briek / moorbriek / moorstein 
balein;belien-beliene-belienke 
balk;balk-belk-belkske 
balkenbrij;kerboet / balkenbriets 
ballast;ballas 
ballon;belón-belónne-belunke 
balorig;balstertig 
band;band-bend-bendje 
bang;schouw / beschete 
bangerik;bókseschie~ter / schie~tbóks / schie~thoe~s / zeiker 
bankbiljet;breefke 
bank;bank-banke-benkske 
barak;boe~t - boe~de 
barbier;barbeer 
barmhartig;bermhertig 
barst;bars-barste-berske 
barrevoets;berves 
bascule;waog-waoge 
bastaardsuiker;potsókker / broene sókker 
batterij;batterie-batterieje-batterieke 
baviaan;baviaon-baviaone-baviäönke 
beamen;beejstumme-stumde beej-beegestump 
beangstigen;beïngstige-beïngstigde-beïngstig 
bed;bóch-buch-buchske 
bedelaar;baedelaer-baedelaers 
bedelen;baedele-baedelde-gebaedeld 
bedeltje;baedelke 
bederven;bederve-bedorf-bedorve / verkuite-verkuitde-verkuit 
bediende;bedeende-bedeendes 
bedoelen;meine-meine-gemeind 
bedompt;dómpig 
bedonderen;betoepe-betoepde-betoep 
bedorven;voel-voeler-voelste / voeës-voeëzer-voeëste 
bedrag;bedraag 
bedriegen;bedrege-bedroog-bedraoge / betoepe-betoepde-betoep 
bedrieger;nutzak / schalevaeger 
bedrijf;bedrie~f - bedrie~ve - bedriefke 
bedrijfsleven;bedrie~fslaeve 
bedrijven;bedrie~ve-bedreef-bedreve 
bedrijvig ( persoon );kraosbóks 
bedrinken;bezatte-bezatde-bezat 
bedroefd;bedreuf 
bedruipen;bedrupe-bedroop-bedraope 
bedstee;bedstaej 
beëdigen;beëidige-beëidigde-beëidig 
beek;baek-baeke-baekske 
beemd;baand-baend-baempke 
been;bei~n - bein-beinke 
beer;baer-baere-baerke 
beer ( varken );bie~r - bie~re - bierke 
beest;bieës-bieëste-bieësje 
beestachtig;bieëstig 
beestenboel;bieësterie 
beetje;bietje / frutselke 
beetnemen;beloeksefoekse-beloeksefoeksde-beloeksefoeks 
begeven;begaeve-begoof-begaeve 
begijn;begien - begie~ne - begienke 
beginnen;beginne-begós-begónne 
beginneling;aanvenger 
begraven;begrave-begroof-begrave 
begrijpen;begriepe-begreep-begrepe / verknouze-verknousde-verknous 
begroten;begruuete-begruuetde-begruuet 
begroting;begruueting 
behaard;behäörd 
behoorlijk;behuurlik 
beijzeld;beïeseld 
bejaard;bejäörd 
bejaarde man;uuem-uueme-uuemke 
bekend;bekind-bekinder-bekindste 
beker;baeker 
bekijken;bekie~ke - bekeek-bekeke / beklotse-beklotsde-beklots 
bekleden;bekleie-bekleide-bekleid 
bekleding;bekleiing 
beknibbelen;beknispele-beknispelde-beknispeld 
bekommeren;kummere-kummerde-gekummerd 
bekostigen;beköstige-beköstigde-beköstig 
bekvechten;straevele-straevelde-gestraeveld / kaekele-kaekelde-gekaekeld 
bekvechter;straevelaer 
bekwaam;bekwaom / faeïg / hendig 
belangrijk;wiechtig 
beledigen;beleidige-beleidigde-beleidig / traeje-traejde-getraoje 
beleefd;belaef-belaefder-belaefste 
beleven;kerdie~ze - kerdie~sde - gekerdies / belaeve-belaefde-belaef 
België;Bels 
bellenplant;bellenboum 
belonen;beloeëne-beloeënde-beloeënd 
beloop;beluip 
beloven;belaove-belaofde-belaof 
belroos;balroeës 
bemoeial;bemeujal 
bemoeien;bemeuje-bemeujde-bemeujd 
beneden;ónder 
bengelen;bemmele-bemmelde-gebemmeld / biemele-biemelde-gebiemeld 
benieuwen;benieje - benie~de - benie~d / spanne-spande-gespand 
benijden;benieje - beniede - benied 
benul;benöl 
benutten;benotse-benotsde-benots 
benzine;benzien 
beogen;be-uige - be-uigde - be-uig 
bepalen;bepaole-bepaolde-bepaold 
beraden;beraoje-beraojde-beraojd 
bereiden;klaor make- makde klaor-klaorgemak 
berging;schop-schöp-schöpke 
bericht;bescheid 
beroemd;beroemp 
beroerte;beslaag 
berouw;inkie~r 
beschadigen;verkammezäöle-verkammezäölde-verkammezäöld 
bescheiden;bescheie 
beschermheilige;petroeën-petroeëne-petruuenke 
beschijten;beschiete-bescheet-beschete / befläöstere-befläösterde-befläösterd 
beschimmelen;beschummele-beschummelde-beschummeld 
beschuit;beschuut-beschute-beschuutje 
besje;alde doeës 
beslaan;bezwaje-bezwaajde-bezwaajd 
besmeuren;bedoemele-bedoemelde-bedoemeld 
bessen ( rode);miemere 
besteden;bestaeje-bestaejde-bestaejd 
bestemd;bestump 
betalen;bereme-bereemde-bereemp / berappe-berapde-berap / besolme-besolmde-besolmp /bleche-blechde-geblech 
betamen;( zich ) gehure-gehuurde-gehuurd 
betekenen;beteikene-beteikende-beteikend 
beter;baeter-beste 
betraand;bezump 
betreffen;aanbelange-belangde aan-aanbelangk 
betten;beie-beide-gebeid 
betuigen;betuge-betuugde-betuug 
betweter;heggenadvekaot 
beu;täöts-täötser-täötste 
bevelen;bevaele-bevool-bevaole 
bevriend;bevrind 
bevriezen;bevrere-bevroor-bevraore 
bevuilen;bedriete-bedreet-bedrete 
bewasemd;bezwaajd 
bewegen;bewaege-bewoog-bewaoge 
bewijs;bewie~s 
bewijzen;bewie~ze - bewees-beweze 
bewonen;behoe~ze - behoe~sde - behoe~s 
bewusteloos;kasje weile / verduseld 
bezem;bessem 
bezemen;kaere-kaerde-gekaerd 
bezemsteel;bessemstek 
bezet;bezatte 
bezeten;bezaete 
bezighouden;besjeftige-besjeftigde-besjeftig 
bezijden;beziejes 
bezoek;bezeuk / aanluip 
bezuiden;bezujes 
bezwaar;bezwaor 
bezwijken;bezwieke-bezweek-bezweke 
bidden;baeje-baejde-gebaejd 
bidprentje;doeëdsprintje 
bieden;beje-booj-gebaoje 
bier;beer 
biertje;pilske 
bieslook;piepkeslouk 
biet;kroeët-kroeëte-kruuetje 
big;bag-bagge-begske 
bij;beej 
bijbel;bie~bel 
bijdehandje;behei /kiebig / vaeg 
bijeen;beejein 
bijl;biel-biele-bielke 
bijna;bald / bekans / haos /   'n trint 
bijnaam voor Venlonaren;Reubezek 
bijten;bie~te - beet-gebete 
bijtijds;beejtie~ds 
bijvoorbeeld;beejveurbeeld / beveurbeeld 
bijzonder;bezónder 
bil;bats-batse-betske / kakwang-kakwange 
binden;binde-bónd-gebónde 
binnenkomen;inkómme-kwaam in-ingekómme 
binnenkort;strakkes 
binnenste buiten;krangs 
bioscoopbroekzak;bioscooptes 
blaar;blaor-blaore-bläörke 
blaas;blaos-blaoze-bläöske 
blad;blaad-blajer-blaedje 
bladluizen;mele 
blauwachtig;blauwsig 
blauwsel;pupkeblauw 
blazen;blaoze-bloos-geblaoze 
bleek gezicht;pletskesgezich / bleik / blas 
bleekveld;bleik 
Blerick;Blierick 
blij;blie-bliejer-blieste 
blijdschap;blie~dschap 
blijspel;kemedie 
blijken;blie~ke - bleek-gebleke 
blijven;blie~ve - bleef-gebleve 
blik ( stoffer en .. );bleek 
blindganger;blindgenger 
blinkend;blinketig 
bloed;blood 
bloeden;bloje-bloojde-gebloojd 
bloedworst;bloodwors 
bloei;bleuj 
bloeien;bleuje-bleujde-gebleujd 
bloem;bloom-blome-bleumke 
bloemist;blomis 
bloempot;blomepot-blomepöt-blomepötje 
bloot;bloeët / neks / piemelkeneks / speernaaks 
blozend gezicht;bläöker / (roeëje ) pieper 
bobbel;boebel-boebels-bubelke 
bochel;poekel-poekels-pukelke 
bocht;baog-bäög-bäögske / drei-dreie-dreike 
bode;baoj-baojes 
bodem;baojem-baojems-bäöjemke 
boek;book-beuk-bukske 
boeket van veldbloemen;kroedwis 
boeket;beket-bekette-beketje 
boekvink;bookvink 
boekweit;bokesmael 
boem;flaats 
boer;boer-boere-buurke 
boerderij;boerderie-boerderieje-boerderieke 
boerenbruiloft;boerebroe~lof 
boerenkiel;keel-kele-keelke 
boerenkool;boeremoos 
boerenwormkruid;reindersknuup 
boezem;kómmesveur / memmekas 
boezeroen;bazzeroel / boezeroel 
bofferd;gelökzak / bófkónt 
bok;boek-buuk-buukske 
bokkesprong;boekespróng 
bokking;bukkem 
boksen;boekse-boeksde-geboeks 
bokser;boekser 
bokspringen;boekspringe 
bol;bol-böl-bölke 
bolderwagen;bolderker 
bolster;boeës-boeëze-buueske 
bom;bóm-bómme-bumke 
bombardon;bómbardón 
bombazijn;bómmezien 
bon;bón-bónne-bunke 
bondig;bundig 
bonenkruid;boeënekruudje 
bonenschil;boeëneschaal 
bonenstaak;boeënestaak 
bonenstro;boeënestroeë 
bonje;boenje 
bonjour;bezjoer 
bonk;bónk-bunk-bungkske 
bons;boens / boets 
bontmantel;pelsjas 
bonzen;boense-boensde-geboens / boetse-boetsde-geboets 
boodschap;baodschap 
boodschappentas;kallebas-kallebes-kallebeske 
boog;baog-bäög-bäögske 
boom;boum-buim-buimke 
boon;boeën-boeëne-buuenke 
boor;baor-baore-bäörke 
boos;kwaod-kwaojer-kwaojste / giftig-giftiger-giftigste 
boot;boeët-buuet-buuetje 
bord;telder 
borduren;bordeure-bordeurde-gebordeurd 
boren;baore-baorde-gebaord 
borrel;dröpke 
borst;bors-borste-börske 
borstel;börstel 
borstelen;börstele-börstelde-gebörsteld 
bos;bós-bös-buske 
bos ( bloemen );boes-buus-buuske 
bosbes;malbaer 
bot (znw);knaok-knaök-knäokske 
bot (bnw);bót-bótter-bótste 
boter;bótter 
boterbloem;bótterbloom 
boterham;bóttram-bóttramme-bóttremke / vim-vimme-vimke 
boterhamzakje;bóttrammetäötje 
botsauto;boetsauto 
botsen;boetse-boetsde-geboets 
bouillon;breuj 
bouwvallig;keduuk / lindelaam 
boven;baove-bäöveste 
bovenwoning;baovewuuening 
braadworst;braodwors 
braambes;braomel-braomele-bräömelke 
braden;braoje-braojde-gebraoje 
brand;brand-brande-brendje 
branden;börre-börde-gebörd / bläöke-bläökde-gebläök 
brasem;brieësem-brieësems-brieësemke 
breed;breid-breier-breidste 
breinaaldenkoker;breischei 
breken;braeke-brook-gebraoke 
brem;brum-brumme-brumke 
brengen;bringe-brach-gebrach 
bretel;help-helpe / galg-galge 
brief;breef-breve-breefke 
brievenbus;brevebus 
brigadier;briggedeer 
brilenkoker;brilleschei 
broche;bros-brosse-bröske 
broeden;breuje-breujde-gebreujd 
broek;bóks-bókse-bukske 
broekzak;tes / bóksetes 
broer;broor-breurs-breurke 
brok;brok-brök-brökske / bónk-bunk-bunkske 
brommen;brómme-brómde-gebrómp 
bromtol;huuldop 
bron;brón-brónne-brunke / sprung-sprunge-sprungske 
brood;broeëd-broeëjer-bruuedje / mik-migke-mikske 
broodmager;broeëdmager 
broodmes;broeëdmets 
broodplank;broeëdplank 
broodpop;migkeman-migkemanne-migkemenke / boe~kman - boe~kmanne - boe~kmenke 
broodrooster;broeëdruuester 
broodtrommel;broeëdtrómmel 
broos;broeës 
brug;brök-brögge-brökske 
bruid;broe~d - broe~de -bruudje 
bruidsjonker;broe~dsknech 
bruidskleed;trouwkleid 
bruidsmeisje;broe~dsmaedje 
bruidssuiker;broe~dssókker 
bruikbaar;broe~kbaar 
bruiloft;broe~lof 
bruin;broe~n - broener - broenste 
bruinachtig;broensig 
bruisen;broe~ze - broe~sde - gebroe~s 
brullen;brölle-brölde-gebröld 
brutaal;vrech 
brutaal iemand;vrechlap 
buffetkast;glazerkas / tuin 
bui;bie~s - bie~ze - bie~ske / buuj-buje-buke / schoor-schore 
buidel;buul-bule-buulke 
buigen;buige-boog-gebaoge 
buik;boe~k - buuk - buukske 
buikpijn;penspien 
buis;buus-buze-buuske 
buitelen;rölse-rölsde-geröls / kuikele-kuikelde-gekuikeld / kukele-kukelde-gekukeld 
buiteling;kukelemuuske 
buiten;boe~te 
buiten westen;kuike 
buitengewoon;boe~tegewoeën 
buitenleven;boe~telaeve 
buitenlucht;boe~telóch 
buitenstaander;boe~testaonder 
bukken;boeke-boekde-geboek 
bulderen;böldere-bölderde-gebölderd 
bumper;bumpel 
buntgras;smele 
bunzing;illik-illike-illikske 
burgemeester;börgemeister 
burger;börger-börgerie 
buurman;naober 
buurmeisje;buurmaedje 
bühne;buun-bune-buunke 
Tilde : Um aan te gaeve det 'n waord 'ne lange klank haet gebroeke weej de tilde ( ~ ) Beej 't schrieve laote weej de tilde weg.

cadet;kedet-kedette-kedetje 
café;kefee-kefees-kefeke 
capabel;kómpabel 
carbid;kerbied 
carbonade;kermenaaj 
carnaval;vastelaovend 
carnavalsvierder;vastelaovesgek 
cement;spie~s 
cervelaatworst;druuegwors 
chatechismus;kattechiem 
chocolade;sjoklaad 
cichorei;sekrei 
cijfer;cie~fer - cie~fers - cie~ferke 
claxonneren;toe~te - toetde - getoe~t 
clown;kloon 
cognac;kónjak-kónjekske 
cokes;koks 
communie;kemunie 
communist;kómmenis 
compagnie;kómpenie 
compliment;kómplement 
corset;pensenterger / kersjet 
crêpepapier;kreppepeer 
Tilde : Um aan te gaeve det 'n waord 'ne lange klank haet gebroeke weej de tilde ( ~ ) Beej 't schrieve laote weej de tilde weg.

eau de cologne;oenjekloenje 
echt;ech 
echter;aevel 
eed;eid 
eekhoorn;ingkater-ingkaters- ingketske 
eelt;zweel 
een ( lidwoord );'n / 'ne / 'nen 
een ( telwoord );ein / eine / einen 
eend;aend-aende-aendjes 
eenling;faatse / einzelgenger 
eens;ens 
eenstemmig;einstummig 
eentonig;eintuuenig 
eenvoudig;einfach / simpel 
eenzaam;einzaam 
eer;ie~r 
eerder;ie~rder - ie~rste 
eergisteren;veurgister 
eerlijk;ie~rlik - ierliker - ierlikste 
eerst;iers - ierste 
eerstdaags;iersdaags 
eerstejaars;ierstejäörs 
eetbord;telder/schóttel 
eeuw;ieëw-ieëwe 
eeuwig;ieëwig 
eg;aeg 
egaal;effe 
ei;ei-eier-eike 
eierdooier;eierdaore / eierduuejer 
eierdop;eierdop-eierdöp-eierdöpke 
eierkoek;eierkook-eierkeuk-eierkukske 
eigen;eige 
eigenaar;eigenaer 
eigenhandig;eigehendig 
eigenlijk;eigelik 
eigenmachtig;eigemechtig 
eigenwijs;eigewie~s / waers 
eikenboom;eikeboum-eikebuim-eikebuimpke 
eind;ind 
eindelijk;intelik 
elastiek;illestiek 
elektriciteit;lektries/elektries 
elektriciteitsbotje ( elleboog );jaomerknäökske / tintelknäökske 
elk;ilk / idder 
elkaar;zich 
elleboog;ellenbaog-ellebäög-ellebäögske 
ellende;elend 
emmer;eimer 
enerzijds;eindeils 
enfin;affeng/efeng 
eng;ing - inger - ingste 
engel;ingel-ingele-ingelke 
engelengeduld;paerdsgedöld 
Engeland;Ingeland 
enig;insig-insigste 
enkel;inkel 
enkeling;inkeling 
enten;inte-intde-geïnt 
er;d'r 
erfdeel;deil 
erg;zie~r 
ergens;örges 
ergeren;opvraete (zich) -vroot op-opgevraete 
erkentelijk;erkintelik 
erven;erve-orf-georve 
eten (ww);aete-oot-gegaete 
eten (znw);bikkesement / aeteswaar 
etensblik;kneurke / hinkelman 
etenstijd;aetestie~d 
even;effe / aeve 
eveneens;ouk 
evengoed;aevegood 
evenmin;aevemin 
eventjes;effe / effekes / efkes 
evenveel;aevevuuel 
ezel;aezel-aezels-aezelke 
ezelachtig;aezelechtig 
ezelsoor;aezelsoeër 
Tilde : Um aan te gaeve det 'n waord 'ne lange klank haet gebroeke weej de tilde ( ~ ) Beej 't schrieve laote weej de tilde weg.

fabriek;febriek 
failliet;feliet 
familie;femilie 
fanatiekeling;draufgenger 
fatsoen;fetsoen 
fatsoenlijk;fetsoendelik / anstendig 
fazant;fezant-fezante-fezentje 
februari;fibberwari 
feest;fees-feeste-feesje 
feesttoeter;feep-fepe-feepke 
felicitatie;fillicetatie 
feliciteren;fillicetere 
fiets;draodaezel / zweitie~zer 
fietsen;traeje-traejde-getraejd / ( hard ) keitse-keitsde-gekeits / knaeje-knaejde-geknaejd / ( traog ) schravele-schravelde-geschraveld 
fietstrapper;traejer 
fijn;schoeën / good 
fijt;fie~t 
flanel;flenel 
flierefluiter;jodelaer 
flikflooier;kóntekroe~per 
fluim;flierts / kleek 
fluisteren;fluustere-fluusterde-gefluusterd / fiespele-fiespelde-gefiespeld 
fluiten;fluite-floot-geflaote 
fluweel;flewie~l 
fopspeen;fiep-fiepe-fiepke 
fornuis;fornuus-fornuzer-fornuuske 
fout;faeler 
framboos;framboeës-framboeëze-frambuueske 
frame;fraem 
franje;fraanjel-fraanjels-fraenjelke 
Fransman;Fransoos-Fransoze 
frees;fraes 
fuchsia;bellestroe~k - bellestruu~k - bellestruukske 
fuik;foe~k - foe~ke 
futloos;voeës - voeëzer - voeëste 
 
 
 
Tilde : Um aan te gaeve det 'n waord 'ne lange klank haet gebroeke weej de tilde ( ~ ) Beej 't schrieve laote weej de tilde weg.

gaan;gaon-ging-gegaon / (gebiedend ) gank 
galbult;hetsbölt 
gang;gank-geng-gengske 
garde;kloprieske 
gat;gaat-gater-gaetje 
gebakje;taertje 
geboorte;gebaorte 
geboren;gebaore 
gebroeders;gebreurs 
gebruik;broe~k 
gedoe;gedeuns / toemel / trala 
gedrag;gedraag 
gedragen ( zich );beneme-benoom-benaome 
geel;gael-gaeler-gaelste 
geelgors;graastäöt 
geelzucht;gaelverf 
geen;genne / gen 
geest;geis - geiste 
geestelijke;geistelik 
gehaaide;gladzak / gladdekker / linkmiechel / slouwberger 
gehorig;gehurig 
gehuil;gehuul 
gejaagd;hörtig 
gek;besjoche / betoep / geweid / karwaats / taats 
geld;loeëd / moos / monete / späön 
geld bij elkaar leggen;lappe-lapde-gelap 
gelijk;gelie~k / kiet 
geloof;gelouf 
geloven;gluive-gluifde-gegluif 
geluid;geluu~d - geluje-geluudje 
geluk;gelök / mazzel / zwein 
gelukkig;gelökkig 
geluksvogel;bófkónt-bófkónte-bófkuntje 
gemak;gemaak 
gemakkelijk;mekkelik-mekkeliker-mekkelikste 
gemeen;gemein-gemeiner-gemeinste 
gemeente;gemeinte 
gemeentehuis;raodhoes 
gemenerik;loep / voelak 
gemiddeld;doorein 
geniesoldaat;gäötminäör 
genieten;begaje-begaajde-begaajd / genete-genoot-genaote 
genoeg;genóg 
Genooi;Genuue 
gereed;vaerdig 
geruit;geroe~t 
gerust;gerös 
geschikt zijn;eigene-eigende-geëigend 
gesloten;geslaote / toe 
getikt;beklop 
getuigen (ww);getuge-getuugde-getuug 
gevaar;gevaor 
gevangenis;kotje / bak 
geven;gaeve-goof-gegaeve 
gever;gaever 
gevoel;geveul 
gevoelloos;douf 
gewauwel;gewazel 
geweer;gewaer 
geweerschot;schot-scheut 
gewennen;gewinne-gewinde-gewind / schikke-schikde-geschik 
gewelf;gewölf-gewölve 
gewoon;gewoeën 
gewoonte;gewuuente / broe~k 
gezelschap;kómpenie 
gezicht;mörf-mörfke 
giechelen;giebele-giebelde-gegiebeld 
gieremmer;zeikschöpper 
gierig;toegeneid / beschete / gietsig 
gierigaard;toegeneide / pinteneuker 
gierput;zeikkelder 
giervat;zeiktón 
gieten;gete-goot-gegaote 
gieter;geter 
gindse;geune 
gips;gieps 
gisteren;gister 
gitzwart;paekzwart 
gladmaken;oe~tstrie~ke - streek oe~t - oe~tgestreke 
glas;glaas-glazer-glaeske 
glijbaan;roetsbaan / slidderbaan 
glijden;sliddere-slidderde-geslidderd 
gloeien;gleuje-gleujde-gegleujd 
gloeiend;gleujentig 
gluren;spienze-spiensde-gespiens 
goed;good-baeter-beste 
goed gekleed;gestéveld 
goede;goje 
goedkoop;gojekoup / baeterkoup / bielig 
goeierd;döts / duiles / wuiles 
gooien;smie~te - smeet - gesmete 
goot;gäöt 
gootsteen;paolingstein 
goud;gold 
goudvink;bloodvink 
goudvis;goldjoeker 
graag;gaer - lever - leefste 
graat;graot-gräöt-gräötje 
graf;graa~f - graver 
grap ( voor de .. );labberjoeks ( veur de ..) 
grapjas;oelewapper 
grappig;kwant 
gras;graas 
graspol;poes-puus-puuske 
grendel;schaaj-schaje-schaejke 
grijpen;grie~pe - greep - gegrepe 
grijs;grie~s - grie~zer 
grijze;grie~ze 
groeien;greuje-greujde-gegreujd 
groen;greun 
groente;greunte 
groep;koedeljach 
groet;kómplement 
grof;graof-graover-graofste 
grommen;graze-graasde-gegraas 
grond;grónd 
grondel;grundje 
groot;groeët-groeëter-groeëtste / grutter-grutste 
grootmoeder;bestemoder 
grootte;gruuette 
grootvader;bestevader 
guitig;kiebig / oelig 
gulp;gölp 
gulzigaard;zatvraeter 
Tilde : Um aan te gaeve det 'n waord 'ne lange klank haet gebroeke weej de tilde ( ~ ) Beej 't schrieve laote weej de tilde weg.

haag;hek-hekke-hekske 
haak;haok-häök-häökske 
haar;haor-haor-häörke / smele (lang haar ) 
haar (vnw);'m / um / eur 
haardos;spoe~skop - spoe~sköp - spoe~sköpke 
haarknot;knut-knutte-knutje 
haarkrul;drol-drolle-drölke 
haarkuif;koe~f - koe~ve - kuufke 
haarlok;pemel-pemels-pemelke 
haarscheiding;loe~zepaedje 
haarspeld;haorspang-haorspange-haorspengske 
haas;haas-haze-haeske 
haasje-over;boekspringe 
haast ( spoed );häös 
haasten;spoje-spoojde-gespoojd / huie-huide-gehuid / häöste-häösde-gehäös / vurraan make - makde vurraan - vurraan gemak 
haastig;hörtig / häöstig 
hagedis;aektes 
hakbijl;hieëp 
hakken;houwe-houwde-gehouwd 
halen;haole-holde-gehaold / kerdie~ze - kerdie~sde - gekerdie~s 
halverwege;halverwaeges 
ham;schink 
hand;hand-hand-hendje / jat-jatte-jetje /  klevieëter-klevieëters-klevieëterke 
handdoek;handdook-handdeuk-handdukske 
handig;hendig-hendiger-hendigste 
handschoen;haas-hase-haeske 
handveger;vaeger 
handvol;hampel-hampels-hempelke 
hangen;bemmelen-bemmelde-gebemmeld 
hangjongere;straotverke 
hanglip;wiewaterbekske / wiewatersvaetje 
hardlopen;keitse-keitsde-gekeits / stiefele-stiefelde-gestiefeld 
harig;häörig-häöriger-häörigste 
haring;hie~ring 
hark;herk 
hart;hert-herte-hertje 
hartelijk;hertelik-herteliker-hertelikste 
hartendief;hertendeef 
hartenjagen;hertejage 
hé;haej 
hebben;hebbe-haes-gehad 
heel;alik 
heel veel;hie~l vuuel / hiele houp 
heen;haer 
heer;hie~r - hie~re - hie~rke / hersjaf-hersjafte 
hees;heis 
heet;heit-heiter-heitste 
heffen;höffe-höfde-gehöf 
heftig;hörtig 
hekel;haekel 
helder;klaor 
helemaal;hielemaol 
hem (vnw);'m / um 
hengsel;hingsel 
hengst;hings-hinste 
Herongen;Haeringe 
herstellen ( kleren );stökkere-stökkerde-gestökkerd 
het;'t 
heup;häöp 
hier;heej 
hij;hae 
hijgen;hie~ge - hie~gde - gehie~g 
hitte;hets 
hoe;wie 
hoed;hood-heud-hudje 
hoek;hook-heuk-hukske / tómp-tump-tumpke 
hoen;hoon-hoonder 
hoepel;reip 
hoepelrok;reiperok 
hoestbui;hoosbuuj 
hoesten;hooste-hoosde-gehoos 
hoestsiroop;stophoos 
hoeveel;wievuuel 
hoeveelheid;kwak 
hoeven;hove-hoofde-gehoof 
hoezo;wiezoeë 
hok;hok-hök-hökske / kebuis-kebuize-kebuiske 
hol;hol-holle-hölke 
homepage;thoesblaad 
hommel;hómmel 
homp;hómp-hump-humpke 
hompelen;hómpele-hómpelde-gehómpeld 
hond;hónd-hund-hundje / kielf / joekel / krumelvaeger / wouwou 
honderd;hónderd 
hondsmoe;hóndsmeug / kótsmeug 
honger;hónger / bodlak 
hobbelig;hoebelig-hoebeliger-hoebeligste 
hoofd;bluts / bums / kieëbes / kop 
hoofdkaas;huidvleis 
hoofdpijn;koppien 
hoofdprijs;houfprie~s 
hoog;hoeëg-hoeëger-hoeëgste 
hoogte;huuegte 
hoogwater;hoeëgwater 
hooi;hui 
hooien;huie-huide-gehuid 
hoop ( verwachting );haop 
hoop ( veel );houp-houpe-höpke 
hoorn ( van dier );häöre-häöres-häörentje 
hop  ( vogel );hoephap 
hopeloos;mouw 
hopen;haope-haopde-gehaop 
horen;hure-huurde-gehuurd 
houden;halde-heel-gehalde 
hout;holt-höltje 
Hout-Blerick;Holt-Blierick 
houtblok;klots-klöts-klötske 
houtduif;holtdoe~f - holtdoeve - holtduufke 
houterig ( persoon );höltere 
houthandel;holtschop 
hufter;höfter 
huichelaar;huchelaer 
huifkar;hoe~fker 
huilebalk;bäöklip / bäökmoel / maekerd 
huilen;bäöke-bäökde-gebäök / greize-greisde-gegreis / kriete-kreet-gekrete  / zumpe-zumpde-gezump 
huis;hoe~s-huzer-huuske 
huiselijk;hoe~selik 
huishoudster;hoe~shelster 
huismus;hoe~spaj / hoe~sflots 
humeurig;nuuetelik 
hulp;hölp 
huls;höls-hölze-hölske 
hulst;höls 
hun;eur / eure / euren 
huren;heure-heurde-geheurd 
hurken (znw);huukskes 
hutspot;wortelemoos-wortelemeuske 
huwelijksuitzet;oe~tzit 
huzarensalade;kalde schóttel 
Tilde : Um aan te gaeve det 'n waord 'ne lange klank haet gebroeke weej de tilde ( ~ ) Beej 't schrieve laote weej de tilde weg.

idioot ;maf 
ieder;eder-edere / idder-iddere 
ieder jaar;aljaors 
iedere dag;aldaags 
iedere keer;ederskier / elkeskier 
iedere morgen;almorges 
iedere week;waekeliks 
iedereen;ederein/idderein 
iemand;emand/emes 
ijs;ie~s - ieske 
ijsberen;bie~ze - bie~sde - gebie~s / patere-paterde-gepaterd 
ijver;ie~fer 
ijzel;iesel 
ijzer;ie~zer 
inbreken;inbraeke-brook in-ingebraoke 
inbreker;inbraeker 
indien;as 
ineens;inens 
ingewanden ( van  een dier );gesluns 
ingooien ( van een ruit );fletse-fletsde-geflets 
inhoud;inhald 
inhouden;inhalde-heel in-ingehalde 
inkomen (znw);inkómme-inkómmes 
inleggen;inligge- loog in - ingelag 
inlijsten;inlie~ste - lie~sde in - ingelie~s 
inschenken;inschödde-schödde in-ingeschöd 
intussen;ónderhand 
Italiaan;Italjaener 
Tilde : Um aan te gaeve det 'n waord 'ne lange klank haet gebroeke weej de tilde ( ~ ) Beej 't schrieve laote weej de tilde weg.

ja;jao 
jaar;jaor-jaore-jäörke 
jaarlijks;jaorliks 
jacquet;slupjas-slupjes-slupjeske 
jager;jaeger 
jaloers;sjeloe~rs / jeloe~rs 
jammer;jaomer 
jammeren;bäöke-bäökde-gebäök 
janken;blaere-blaerde-geblaerd / joenke-joenkde-gejoenk 
januari;jannewari 
jarig;jäörig 
jasses !;jussesmerante 
jaszak;jassetes 
jawel;jaowaal 
je / jij;dich 
jeetje;aojei 
jeminee;aojummig 
jenever;joech / klaore / sjabau / snaps 
jeneverbes;jeneverkral 
jeugd;jónge 
jong;jónk-jónger-jóngste 
jongelui;jóngluuj 
jongen;jóng-jónge-jungske 
jongetje;bókseman 
journaal;berichte 
jouw;dien / diene / dienen 
juist;juus / juustement / persies / riechtig 
jullie;geej / óg / ógge / óggen 
jus;saus-suiske 
juweel;jewie~l 
Tilde : Um aan te gaeve det 'n waord 'ne lange klank haet gebroeke weej de tilde ( ~ ) Beej 't schrieve laote weej de tilde weg.

kaal ( hoofd );glieber 
kaan;kaoj - kaoje - käöjke 
kaars;kers - kerse - kerske 
kaart;kaart-kaarte-kaertje 
kaas;kieës-kieëze-kieëske 
kaas  (van zure melk);fluiterskieës 
kaatsbal;prikkenbal 
kabouter;aerdmenke 
kachelijzer;räökeliezer 
kalkoen;schroe~t 
kakmadam;strónsmadam 
kalf;mök-mökke-mökske 
kalmte bewaren;doeke-doekde-gedoek 
kam;kamp-kem-kemke 
kameel;kemie~l 
kammen;keime-keimde-gekeimp 
kandijsuiker;borssókker 
kaneel;kenie~l 
kanon;kenón-kenónne-kenunke 
kantonnier;waegekretser 
kap;kap-kappe-kepke 
kapel;kepel-kepelle-kepelke 
kapelaan;keplaon-kepläöns-kepläönke 
kapot;kepoedewiets 
kapsones;droosjes 
kar;ker 
karakteristiek;eige 
karnemelk;bóttermelk 
karot ( geldrolletje );kerot 
karwei;kerwei-kerweie-kerweike 
kas;kas-kes-kesje 
kassier;kasseer 
kast;kas-kes-kesje 
kastanje;kestaanjel 
kasteel;kestie~l 
kat;daakhaas-daakhaze-daakhaeske / kat-katte-ketje 
katapult;katteflierts 
katoen;ketoen / kattenaat 
katrol;ketrol-ketrolle-ketrölke 
kattenkwaad;spuchte 
kauwtje;däölke 
keel;kael 
keer;kie~r 
kegel;kaegel 
keihard;knoerhard 
kenmerkend;eige 
kennen;kinne-kinde-gekind 
kennis;kinnis 
kerel;breur / kaerel 
kers;kers - kerse - kerske 
kersenboom;kerseboum-kersebuim-kersebuimke 
kerstboom;kersboum-kersbuim-kersbuimke 
ketel;kaetel 
ketsen;ketse-ketsde-gekets 
Keulen;Kölle 
Kevelaar;Kaevelaer 
kever;kaever 
kibbelen;stechele-stechelde-gestecheld 
kieskeurige ( met eten );lekneus 
kiespijn;tandpien 
kiezen;keze-koos-gekaoze 
kijken;kie~ke - keek - gekeke / uige-uigde-geuig 
kikkervisje;paddestertje / pannestertje / diekköpke 
kind;blaag-blage / döpke-döpkes / kind-kiendje 
kinderkoor;kinderkoeër-kinderkoeëre-kinderkuuerke 
kinkhoest;kwaojenhoos 
kip;kiep-kiepe-kiepke 
kippenhok;hoonderstal 
kippenvel;kiepevel 
kist;kis-kiste-kisje 
klaar;klaor / vaerdig 
klap;klats-klatse-kletske  / klets 
klaver;klieë 
kleed;kleid-kleier-kledje 
kleding;kleier 
klein;oelig / fiemelig 
kleinigheid;muggescheet 
kletsen;fepe-feepde-gefeep / bebbele-bebbelde-gebebbeld 
kletskous;täötebel / bebbel / feep 
kletsnat;slie~knaat / kleddernaat 
kletstante;bazelbetje 
kliederen;deddele-deddelde-gededdeld 
kliekje;knammel 
klimmen;klumme-klóm-geklómme 
klok;klok-klokke-klökske 
klomp;klómp-klómpe-klump 
klont;kloe~t - kloe~t - kluutje 
klonteren;kluntere-klunterde-geklunterd 
klooster;kloeëster-kloeësters-kluuesterke 
kloostermuur;kloeëstermoor 
kloot;kloeët-kloeëte-kluuetje 
klootzak;kloeëtzak-kloeëtzek 
kluis;kloe~s - kloe~ze - kluuske 
kluister;kloe~ster 
klungelaar;knutvink 
kneden;knaeje-knaejde-geknaejd 
knetter;taats 
kneuzen;blutse-blutsde-gebluts 
knie;kneen-kneen-kneenke 
knijpen;nie~pe - neep - genepe / knie~pe - kneep - geknepe 
knikker;köls 
knikkerkuiltje;kölsepoetje 
knikkerzak;kölsenbuul 
knipmuts;toer-toere-tuurke 
knipogen;uigske kniepe - kneep 'n uigske - uigske geknepe 
knoeien;diedele-diedelde-gediedeld / foezele-foezelde-gefoezeld / knoeëje-knoeëjde-geknoeëjd / knóddele-knóddelde-geknóddeld 
knoest;kwas 
knoflook;knoeflouk 
knokkel;knaokel-knaokels-knäökelke 
knolraap;stekreub 
knolselderij;knoepselderie 
knook;knaok-knäök-knäökske 
knoop (aan de jas);knoup-knuip-knuipke 
knoop ( in het touw );knup-knuppe-knupke 
knop;knoep-knuup-knuupke 
knopen ( in je oren knopen );knuipe-knuipde-geknuip 
knopen ( in het touw );knuppe-knupde-geknup 
knot garen;streen 
knuffelen;knoe~vele - knoe~velde - geknoe~veld / noebele-noebelde-genoebeld 
knuist;knuus-knuuste-knuuske 
knul;knölleviet 
knuppel;knöppel 
knutselen;fiespernölle 
koe;koej-kuuj-kuke 
koeienstront;koejeflaaj / koemis 
koek;kook-keuk-kukske / pletske-pletskes 
koekdeeg;kokendeig 
koel;keul-keuler-keulste 
koelkast;ie~skas 
koelte;keulte 
koffer;kóffer-kóffers-kufferke 
koffie;kóffie 
koffiedik;draos 
kogel;kogel-keugel-keugelke 
koken;kaoke-kaokde-gekaok 
koket meisje;kemmelkuntje 
kolenkachel;baer 
kolenmijn;koel 
kom;kómp-kump-kumpke 
komaf;kómaaf 
komedie;kemedie 
komen;kómme-kwaam-gekómme 
komfoor;kómfoeër-kómfoeëre-kómfuuerke 
komijnekaas;pikkelkeskieës / pitjeskieës / kanterkieës 
komkommer;kómkómmer-kómkómmers-kómkummerke 
konijn  ( rekel );raekel-raekels-raekelke 
konijn  ( moer );moor-more-meurke 
konijn;knie~n - knien - knienke 
koning;keuning 
koningin;keunegin 
Koninginnedag;Keuneginnedaag 
koningkrijk;keuninkrie~k 
koninklijk;keuniklik 
kont;flaaj-flaje-flaejke / kónt-kónte-kuntje 
kooi;kouw-kouwe-kuike 
kool ( brandstof );kaol-kaole-käölke 
kool ( groente );koeël-kuuel-kuuelke 
koolmees;koeëlmieës 
koopje;kuipkes-kuipkes 
koor;koeër-koeëre-kuuerke 
koord;kaord-kaorde-käördje 
koorts;fie~ber 
kop;kieëbes-kieëbesse-kieëbeske / kop-köp-köpke 
kopen;koupe-koch-gekoch 
koper;kuiper-kuipers 
kopje;tas-tasse-teske 
koppig;waers-waerser-waerste 
kopzorgen;toemel 
koren;kaore 
korporaal;kepraol 
korst ( op de wond );raof-räöf-räöfke 
kortademig;kortaojemig 
kortaf;effenaaf / kortgeknup 
kostbaar;waerdig- waerdiger-waerdigste 
koster;köster 
kostuum;pak-pakke-pekske 
kou;ozel / keld 
koud;ozelig / kald 
koukleum;ozelaer / keldschieter 
kousenband;bindel 
kraai;krei-kreie-kreike 
kraakbeen;knoeërs 
kraam;kraom-kräöm-kräömke 
kraanvogel;kroeënekraan 
kraanwater;gemeintepils 
krabben;kratse-kratsde-gekrats 
kralensnoer;krallentoeër -krallentoeëre-krallentuuerke 
kramp;kramp-krampe-kremke 
Krefeld;Kreifeld 
kregelig;nuuetelik 
kreng;kring 
krentenbrood;pruumkesmik / krintemik 
kreunen;kume-kuumde-gekuump 
kreupel;laam-lamer-laamste 
krijgen;krie~ge - kreeg-gekrege 
krijt;krie~t - krietje 
krimpen;krumpe-krómp-gekrómpe 
kring;krink-kringe-kringske 
kroeg;kefee-kefees-kefeke 
krom;krómp-krómmer-krómste 
kroon;kroeën-kroeëne-kruuenke 
kroot;kroeët-kroeëte-kruuetje 
kruiden;gekruje 
kruien;schörge-schörgde-geschörg 
kruik;kroe~k - kroe~ke -kruukske 
kruimel;grumel-grumels-grumelke / kru~mel - kru~mels - krumelke 
kruipen;kroe~pe-kroop-gekraope 
kruis;kruuts 
kruisbes;staekbaer 
kruiwagen;schörkker 
krul;krol-krolle-krölke 
kuif;koe~f - koe~ve -kuufke 
kuiken;kuke-kukes-kuukske / pöl-pölle-pölke 
kuil;koel-koele-kuulke 
kuip;kuu~p - ku~pe -kuupke 
kuit;kuu~t - ku~te -kuutje 
kunnen;kinne-kós-gekós 
kunstenmaker;kunstemaeker 
kus;kösmoel / muulke / kösmuulke 
kussen;kösmoele-kösmoelde-gekösmoeld 
kussen;kösse-kösses-kössentje 
kussensloop;kössesteek 
kwaad;kwaod-kwaojer-kwaojste / kniens 
kwaad ( gezicht );snoe~tesoep 
kwaad worden;bedoon-bedeej-bedaon / greke-greekde-gegreek 
kwaal;kwaol-kwaole-kwäölke 
kwajongen;kwaojóng  / ströp / vlaegel 
kwalijk;kwaolik 
kwartier;keteer-keteerke / kwarteer-kwarteerke 
kwezel;zibbedeius 
kwibus;piezewiet 
kwijl;zeiver 
kwijt;kwie~t / poter 
kwikstaart;keviepstert 
Tilde : Um aan te gaeve det 'n waord 'ne lange klank haet gebroeke weej de tilde ( ~ ) Beej 't schrieve laote weej de tilde weg.

laag;lieëg-lieëger-lieëgste 
laagte;lieëgte 
laars;stevel 
laatkomer;oe~tstrie~ker 
laatste;letste 
lachebek;giebelkónt 
ladder;ledder 
lade;laaj-laje-laejke 
lam;lam-lamme-lemke 
lamp;lamp-lampe-lempke 
landloper;schörger 
langpootmug;huiwage 
lang ( lengte );lank-langer-lankste 
lang ( tijdsduur );lang-langer-langste 
langslaper;bedpóngel 
languit;lankoe~t / lankaaf 
langzaam;langsaam 
lantaarnpaal;luchtepoal / lantaerpaol 
lastig;diffesiel 
laten;laote-leet-gelaote 
laurierblad;lereerblaad-lereerblajer-lereerblaedje 
lawaai;leweit / laeve 
lawaaischoppers;leweitschöppers 
leed;leid 
leeftijd;laeftie~d 
leeg;laeg-laeger-laegste 
leer;laer 
leerling;lierling 
leeuw;lieëw-lieëwe 
leggen;legge-loog-gelag 
legplank;schaap-schape-schaepke 
leidsel;toum-tuim-tuimke 
lekken;leke-leekde-geleek 
lelijk;ónaeve / lillik-lilliker-lillikste / nut-nutter-nutste 
lenen;lieëne-lieënde-gelieënd 
lengte;lingte 
lente;linte 
lepel;laepel-laepels-laepelke 
leraar;lie~raar - lie~rare 
leren;liere-lierde-gelierd 
letterlijk;letterlik 
leuk;neet ónaeve / kwant-kwanter-kwantste 
leuning;läöning 
leunstoel;praos-präös-präöske 
leven;laeve 
levende;laevende 
levendig;laeventig / keviep 
lever;laever 
leverworst;laeverwors 
lezen;laeze-loos-gelaeze 
lezer;laezer 
libel;garepaap 
lichaam;lie~f 
licht ( van kleur );leech-leechter-leechste 
licht ( de lamp );leech-leechter-leechske 
lid;lid-leje 
lied;leed-leedje 
lieden;luuj 
lief;leef-lever-leefste 
liefde;leefde 
liegen;lege-loog-gelaoge 
lieveling;leve-leefste / sies-sieske / snoebel-snubelke 
lieveheersbeestje;levenhierbieësje-aoliebieësje 
liggen;ligge-loog-gelaege 
lijden;lieje-leej-geleje 
lijf;lie~f 
lijk;lie~k 
lijkdienst;doeëjemis 
lijken;lieke-leek-geleke / stale-staalde-gestaald 
lijkwagen;doeëjewage 
lijm;lie~m 
lijn;lien-liene-lienke 
lijst;lie~s - lie~ste - lie~ske 
likken;lekke-lekde-gelek 
Limburgse kaas;stinkkieës 
limonade;liemenaad 
linkspoot;linkspoeët 
lol;joeks 
lollig;joeksig-joeksiger-joeksigste 
lomp;lómp-lómper-lómpste 
lomperik;knörf-knörfte-knörfke 
lonen;loeëne-loeënde-geloeënd 
lood;loeëd-luuedje 
loodgieter;koperslaeger 
loodrecht;pielrech 
loom;voeës-voeëzer-voeëste 
loon;loeën-loeëne-luuenke 
loop ( van geweer );luip 
loot ( aan de boom );loeët-loeëte-luuetje 
lopen;loupe-leep-geloupe / tiepele-tiepelde-getiepeld 
loper;luiper 
lor;póngel-póngels-pungelke 
lorgnet;knie~pbril 
lot;lot-lotte-lötje 
loting;loeëting 
loven;bestute-bestuutde-bestuut 
lucht;lóch-luchske 
lucifer;zwaegelke / zwaevelke / zwiemke / fiemke 
luciferhoutje;zwaevelstekske 
lucifersdoosje;zwaevelduuëske 
luid;hard-harder-hardste 
luiden;luje-luujde-geluujd 
luik;loe~k - loe~ke - luukske 
luis;loe~s-luus-luuske 
luister;luuster 
luisteren;luustere-luusterde-geluusterd 
lukken;lökke-lökde-gelök / floepe-floepde-gefloep 
lurken;lörke-lörkde-gelörk 
lul;löl 
lusteloos;mismood 
Tilde : Um aan te gaeve det 'n waord 'ne lange klank haet gebroeke weej de tilde ( ~ ) Beej 't schrieve laote weej de tilde weg.

maag;maag-mage-maegske 
maagd;maag-maagde 
maagzuur;zoorbrand / ( 't ) zoor 
maaien;meie-meide-gemeid 
maan;maon-maone-mäönke 
maand;maond-maonde-mäöndje 
maandag;maondaag 
maandelijks;maondeliks 
Maas;Majjem / Moder Maas 
Maasbree;Bree 
Maastricht;Mestreech 
maat;maot-maote-mäötje 
macaronie;mekronie 
machine;mesjien 
machtig;mechtig-mechtiger-mechtigste 
made;maaj-maje 
madeliefje;maelzäödje 
magazijn;maggezien 
mager;smaal-smaler-smaalste 
mais;meis 
maiskoek;meiskook 
majoor;mejoeër-mejoeërs-mejuuërke 
maken;make-makde-gemak 
makron;mekrón - mekróns - mekrunke 
malloot;kwastelorum / tadewaa 
man;manskaerel 
mandoline;mandelien 
maneschijn;maoneschie~n 
manier;meneer 
mankepoot;hómpelpoeët 
margarine;maggerien 
markt;mert 
martelaar;mertelaer 
martelen;mertele-mertelde-gemerteld 
masker;maske 
masturberen;wiekse-wieksde-gewieks 
matig;maotig 
matras;metras-metrasse-metreske 
matroos;metroeës-metroeëze-metruuëske 
mazzel;zwein 
medaille;medalje / medalie 
medaillon;middeljón 
medelijden;mitlieje 
medicijn;middesien 
mee;mei 
meel;mael 
meeldauw;gelf 
meer;mie~r-meis-meiste 
meerdere;mie~rdere 
meerderheid;mie~rderheid 
meerderjarig;mie~rderjäörig 
meestal;meistal / lichtig 
meester;meister 
meikever;meikaever 
meisje;bruudje / dink / maedje / puupsje / schikske / vroumes 
melkmuil;mikmoel 
melodie;wie~s-wie~ze-wieske 
men;me 
menen;meine-meinde-gemeind 
mengelmoes;brazzel 
mengen;minge-móng-gemónge / óndereinmake-makde ónderein-óndereingemak 
menig;mennig 
mening;meining 
mens;mins-minse / luuj 
mensenmassa;minsespeul 
merel;maerel / maelder 
mes;mets 
mest;mis 
mesthoop;mishoup 
mestvarken;masverke 
meteen;direk / drek 
meter;maeter 
metselen;metsele-metselde-gemetseld 
meubel;muibel / muibelstök 
meubileren;bemuibele-bemuibelde-bemuibeld 
meute;koedeljach 
middag;middaag 
mier;zeikdimpel / zeikdieëm 
mierzoet;ieëmerig 
mij;mich 
mijden;mieje-meej-gemeje 
mijl;miel 
mijn;mien / miene / mienen 
mijnentwege;mienentwaege 
mijnsgelijke;miensgelie~ke 
mijt;berm 
minder;weiniger 
misbruik;misbroe~k 
misdienaar;kraol-kraols-kräölke / missendener 
misgewaad;miskleid 
miskraam;miskraom-miskräöm 
mismaakt;mismak 
mismoed;mismood 
mismoedig;mismeujig 
misschien;meschiens 
modder;slie~k 
mode;moeëde 
model;medel 
moe;meug-meuger-meugste 
moeder;moder-moders-meuderke 
moederkonijn;moor 
moedermelk;zog 
moedertaal;modertaal 
moederziel alleen;moorzelig 
moeilijk;meujlik-meujliker-meujlikste 
moeite;meujte 
moeras;zómp 
moes;moos-muuske 
moeten;mótte-meus-gemótte 
mogelijk;meugelik 
mogen;meuge-meugde-gemeuge 
moker;voe~shamer 
mokken;moetse-moetsde-gemoets / boeke-boekde-geboek 
mol;mootworm 
molen;meule-meules-meulke 
molenaar;mölder 
mond;mónd-mund-mundje 
mondharmonika;monika 
monnikenwerk;fiemelwerk 
mooi;schoeën / moeëj / net 
mopperaar;greek 
mopperen;knotere-knoterde-geknoterd 
morgen;morge 
morsen ( van drank );verschödde-verschödde-verschöd 
motorfiets;stoumfiets 
motregen;miezel / moe~zel 
muggenzifter;pinteneuker 
muil;moel-moele-muulke 
muis;moe~s - muus - muuske 
muisjes (op beschuit);sókkerkäörkes 
muisstil;muuskesstil 
muizenval;moe~zeval 
munitie;menusie 
mus;flots-flotse-flötske / paj-pajje-pajke 
muur;moor-more-meurke 
muziek;meziek 
muziekstandaard;pepieter 
Tilde : Um aan te gaeve det 'n waord 'ne lange klank haet gebroeke weej de tilde ( ~ ) Beej 't schrieve laote weej de tilde weg.

na;nao 
naad;naod-näöd-näödje 
naaien;neie-neide-geneid 
naaister;neister 
naakt;neks-nekser-nekste 
naald;naold-naolde-näöldje 
naaldval ( kerstboom );ruzele-ruzelde-geruzeld 
naar;naor 
naast;naeve 
naast elkaar;naevenein 
nacht;nach-nachte-nechske 
nachtjapon;pón-pónne-punke 
nadat;naodet 
nadeel;naodeil 
nadenken;prakkezeren-prakkezeerde-geprakkezeerd 
nadien;laternao 
nagel;nagel-naegel-naegelke 
nagelen;naegele-naegelde-genaegeld 
nakomertje;naokummerke / scherkukske 
nalatig;naolaotig 
namens;names 
narcis;paosbloom 
nat;naat-nater-naatste 
natuur;neteur 
natuurlijk;neteurlik 
nauw;ing-inger-ingste 
nauwelijks;klamp 
nauwkeurig;genau 
navel;boe~knagel 
nee;nae 
neef;naef-naeve-naefke 
nemen;neme-noom-genaome 
nergens;nörges 
nest;bóch-buch-buchske / nis-niste-niske 
nestelen;bóchte / nistele 
net;schoeën-schoeëner-schoeënste 
netjes;fetsoendelik 
neus;joerk-joerke / kuit-kuite-kuitje 
neutje;dröpke 
niemand;nemes 
niet;neet 
niets;niks 
nietsnut;zwans 
nieuw;niej-niejer-niejste 
nieuwjaar;niejaor 
nieuwjaarsdag;niejaorsdaag 
nieuws;nie~ts - nie~tje 
nieuwsgierig;niesgierig 
niezen;neeste-neesde-genees 
nijd;nie~d 
nijdig;nie~dig 
Nijmegen;Numwaege 
nijptang;nieptang 
nippertje;snippenäörtje 
nodig;nuuedig 
noemen;neume-neumde-geneump 
noemenswaardig;neumeswaerd 
noest;aos-aoze-äöske 
non;nón-nónne-nunke / begien-begiene-begienke 
nood;noeëd 
nooit;noeëts / vanmelaeve neet 
noot (muziek);noeët-noeëte-nuuetje 
noot ( vrucht );noot-neut-neutje 
nootmuskaat;notebeschaot 
nu;noow 
nuchter;neuchter 
nudist;neksfieter 
Tilde : Um aan te gaeve det 'n waord 'ne lange klank haet gebroeke weej de tilde ( ~ ) Beej 't schrieve laote weej de tilde weg.

 
officier;offeseer 
oefenen;u~be-uubde-geuub 
ogen (ww);ouge-ougde-geoug 
ogenblik;ougenblik 
oker;oeëker 
olie;aolie 
oliebol;aoliebol-aolieböl-aoliebölke 
oliekoek;aoliekook-aoliekeuk-aoliekuske 
oliën;aolieje-aoliede-geaolied 
olifant;aolifant-aolifante-aolifentje 
olijf;olie~f 
om;um 
om de beurt;umstebeurt 
omdat;umdet 
omgooien;umkiepe-kiepde um-umgekiep 
omheen;umhaer 
omheinen;umpäöle-päölde um-umgepäöld 
omhelzen;leefhalde-heel leef-leefgehalde 
omhoog;umhoeëg 
omkleden;umtrekke-trok (zich) um-umgetrokke 
omlaag;umlieëg 
ompalen;aafpäöle-päölde aaf-aafgepäöld 
omploegen;umbouwe-bouwde um-umgebouwd 
omroep;umroop 
omslaan;umkiepe- kiepde um-umgekiep 
omwikkelen;inwindele-windelde in- ingewindeld 
omzomen;bäöre-bäörde-gebäörd 
onbehaaglijk;razzeldazzel 
onbeschoft;ónbeschoef 
onbevoegd rechtskundige;heggenadvekaot 
onder;ónder-underste 
onder elkaar;ónderein 
ondergoed;lie~fgood 
onderhemd;ónderliefke 
onderhoud;ónderhald 
onderneming;aangaon 
onderscheiding;ónderscheijing 
onderstam;bóks-bókse 
ondertussen;ónderwiel / ampassant 
onderweg;ónderwaeg / ónderwaeges 
onderwijs;ónderwie~s 
onderzoek;ónderzeuk 
onderzoeker;ónderzeuker 
ondiep;óndeep 
oneens;ónens 
oneerlijk spelen;foe~tele  - foe~telde - gefoe~teld 
oneffenheid;braom-braome-bräömke 
oneven;ónaeve / ómp 
ongedierte;óngesie~fer 
ongehoord;óngehuurd 
ongemanierd;óngemeneerd 
ongemoeid;óngemeujd 
ongenood;óngenuued 
ongetwijfeld;óngetwie~feld 
ongeveer;óngevie~r 
onhandig;schravele / foddele / gehampel 
onkruid;drek / puine 
onlangs;letsaan / toenlets 
onmiddelijk;sebiet 
onnodig;ónnuuedig 
onnozele;blieje 
onrustig;ónröstig 
onrustig slapen;bagere-bagerde-gebagerd / weu~le - weu~lde - geweu~ld 
ons;ós 
ons ( gewicht );óns 
onstoken oog;zie~poug 
ontbijt;kóffiedrinke 
ontbijtkoek;paeperkook 
ontbloten;óntbloeëte-óntbloeëtde-óntbloeët 
ontbreken;faele-faelde-gefaeld 
ontfutselen;aafloekse-loeksde aaf- aafgeloeks 
ontgelden;beschelden-beschold-bescholde 
onttrekken (zich);drökke-drökde-gedrök 
onverschillig;egaal / veur d'n aevevuuel 
onverzorgd;schebbig-schebbiger-schebbigste 
onvoordelig;schaajlik-schaajliker-schaajlikste 
onweer;ónwaer 
onweersbui;hómmelschoor 
onweersvliegje;dónderbieësje / hómmelbieësje 
onze;ózze / ózzen 
Onze lieve Heer;Slevenhier 
Onze lieve Vrouw;Leefvruike / Slevevruike 
onzin;flauweköl /kwats / kwazel /  schaele wazel 
onzin uitkramen;aldebette-aldebedde-gealdebet 
oog;oug-uig-uigske / döts (mv) 
oogst;ougs 
oogvocht;pips 
oogwimper;vlim 
ooievaar;oeëievaar 
ooit;oeëts 
ook;ouk 
oor;oeër-oeëre-uuerke 
oordeel;oeërdeil 
oorkonde;oeërkónde 
oorsmeer;oeërevet 
oorveeg;wats 
oorverdovend;oeërverdouvend 
oorworm;oeërworm-oeërwörm-oeërwörmke 
oorzaak;oeërzaak 
oosten;oeëste 
opeens;opens 
open;aop / aope 
opening;äöpening 
openlijk;äöpelik 
ophemelen;bestute-bestuutde-bestuut 
ophitsen;aankeze-keesde aan-aangekees / opstoeke-stoekde op-opgestoek / stäöke-stäökde-gestäök 
ophogen;aanhuuege-huuegde aan-aangehuueg 
ophopen;berme-bermde-gebermp 
ophouden;oe~tscheie-scheide oe~t - oe~tgescheid 
oplichten;betoepe-betoepde-betoep 
opnieuw;opnie / euvernie 
oprispen;käöke-käökde-gekäök 
oproep;oproop 
opruimen;oprume-ruumde op-opgeruump 
opscheppen ( eten );opschöppe-schöpde op-opgeschöp 
opscheppen (snoeven);strónse-strónsde-gestróns 
opschepper;strónser / kaaljekker 
opschieten ( haasten );vurraan make / veuroe~t make 
opstoten;rupse-rupsde-gerups 
optuigen;optuge- tuu~gde op - opgetuu~g 
opvouwen;opvaje - vaajde op - opgevaajd 
opwinden;opdreie- dreide op - opgedreid 
opzij;opzie 
oranje;oranjes 
oud;ald-alder-aldste / olms 
ouderdom;alderdóm 
ouderen;aldere 
ouders;elders / aldeluuj 
ouderwets;alderwets 
oudewijvenbal;aldewie~verbal 
oudsher;aldshaer 
ouwetutten;aldefepe-aldefeepde-gealdefeep 
oven;aove-aoves-äöventje 
over;euver 
overal;euveral 
overall;euveral 
overdaad;euverdaod 
overdag;euverdaag 
overdijven;euverdrie~ve -overdreef - overdreve 
overgangsjaren;wisseljaore 
overgieten;umschödde-schödde um-umgeschöd 
overheen;euverhaer 
overheid;euverheid 
overhoop;euverhoup 
overleg;euverlik 
overlijdensadvertentie;doeëdsberich 
overmatige eter;zatvraeter 
overrijp;snótrie~p 
overstuur;euversteur 
overtuigen;euvertuge - euvertuu~gde - euvertuu~g 
overweg;euverwaeg 
owee;auwieje 
Tilde : Um aan te gaeve det 'n waord 'ne lange klank haet gebroeke weej de tilde ( ~ ) Beej 't schrieve laote weej de tilde weg.

paaien;moeke-moekde-gemoek 
paal;paol-päöl-päölke 
paar;stel 
paard;paerd-paerd-paerdje / hiep-hiepe-hiepke 
paardebloem;paerdsbloom / stoebe 
paardenvijg;paerdskeutel 
paardetuig;geschier 
paasei;paosei-paoseier-paoseike 
pad ( te lopen );paad-pajer-paedje 
pad ( soort kikker );ped-pedde-pedje 
pakken;kriege-kreeg-gekrege 
paleis;pelie~s 
paling;paoling 
pannenlap;tieske 
pantoffel;sloef-sloefe-sluufke / petoefel-petoefels-petufelke 
papier;pepeer 
papieren zak;täöt-täöte-täötje 
papegaai;pappegei 
paradijs;paradie~s 
paraplu;parepluuj 
particulier;partekeleer 
partij;partie-partieë-partieke 
Pasen;Paose 
passeren ( laten );langslaote- leet langs - langsgelaote 
pastoor;pestoeër-pestoeërs-pestuuerke 
pastoorsmeid;pestoeërsmaag 
patrijs;petrie~s 
patronaat;patternaat 
pech;meläör 
Peel;Pie~l 
peer;paer-paere-paerke 
pees;paes-paeze-paeske 
peetoom;paeter 
peettante;gäöl / maeter 
peinzen;prakkedinke-prakkedach-geprakkedink 
pek;ter 
pekel;paekel 
peluw;beddepölf 
penalty;penantie 
penningmeester;penningmeister / penningefoekser 
pensionaat;pensjenaat 
peper;paeper 
peperkoek;paeperkook-paeperkeuk-paeperkukske 
perceel;percie~l / plak 
personeel;persenie~l 
persoon;persoeën-persoeëne-persuuënke 
persoonlijk;persuuenlik 
perzik;pierks-pierkse-pierkske 
pesten;joedasse-joedasde-gejoedas / transjenere-transjeneerde-getransjeneerd 
petekind;paetekind 
peterselie;pittersillie 
peuter;drubelke 
pezen;paeze-paesde-gepaes 
piano;kiedelkemoot 
pienter;klook-kloker-klookste 
pijl;piel-piele-pielke 
pijler;pieler 
pijn;pien 
pijp;pie~p 
pijp ( korte );neuswermer 
pijpesteel;pie~peroor - pie~pereure - pie~pereurke 
pikdonker;stikkeduuster / zakkeduuster 
pinda;aolieneutje 
pindakaas;pindakieës 
pioenroos;balroeës 
pissebed;kelderrat 
plaag;plaog 
plaatsvervanger;ramplesant 
plafond;plefón-plefóns-plefunke 
plagen;plaoge-plaogde-geplaog / netse-netsde-genets 
plakken;plekke-plekde-geplek 
plakkerig;plekkerig 
plakplaatje;plekprintje 
plaksel;pleksel 
plank;breet-breter-breetje 
plamuur;plemeur 
plantescheut;deef 
plassen;pienkele-pienkelde-gepienkeld 
platzak;keps 
plavuis;plevuu~s 
pleister;plaoster 
plezier;plezeer / joeks 
plezierig uitgaan;joetse-joetsde-gejoets / jatse-jatsde-gejats 
ploeg;ploog-ploge-pluugske 
ploegen;ploge-ploogde-geploog 
ploeteren;kraoze-kraosde-gekraos / plare-plaarde-geplaard 
plooi;ploeëj-ploeëje-pluuejke 
plotseling;kladderdaats / inens 
pluim;pluum-plume-pluumke 
plukken;plökke-plökde-geplök / aafdoon-deej aaf-aafgedaon 
plusfour;smoekelbóks 
pochette;lefdukske 
poeder;poejer 
poel;pool-pole-peulke 
poepen;aafgaon-ging aaf-aafgegaon 
poetsen ( schoen );wiekse-wieksde-gewieks 
pofbroek;poefbòks 
pofmouw;poefmouw 
politie;pliesie / wout 
politiebureau;woutekiet 
pollepel;schöplaepel 
pomp;pómp-pómpe-pumpke 
pompoen;poe~pappel - poe~pappels -  poe~peppelke 
pook;räökelie~zer 
poort;paort-paorte-päörtje 
poot;poeët-puuet-puuetje 
pootaardappel;päöter 
portaal;portaol 
portie;klats 
postduif;reisdoe~f - reisdoe~ve - reisduufke 
poten;paote-paotde-gepaot 
potkacheltje;duvelke 
potlood;potloeëd-potluuej-potluuedje 
potloodventer;neksfieter 
praal;praol 
praat;proat-präötje / kal 
praatjesmaker;groeëtmoel / moe~lejan / moe~lemaeker 
prakje;brats 
prakken;brazzele-brazzelde-gebrazzeld 
praten;praote-praotde-gepraot / klasjenere-klasjeneerde-geklasjeneerd 
precies;persies 
preek;praek 
preekstoel;praekstool-praeksteul 
prent;print-printe-printje 
prentenboek;printebook 
presentatie;prissentasie 
priem;preem 
prijs;pries-prieze-prieske 
prijzen;bestute-bestuu~tde - bestuu~t / paerdskeutele-paerdskeutelde-gepaerdskeuteld 
prikkeldraad;pindraod 
proberen;perbere-perbeerde-geperbeerd 
processie;percessie 
proeven;preuve-preufde-gepreuf 
profeet;perfieët 
professor;perfesser 
proficiat;perficiat 
provoceren;staoke-staokde-gestaok 
pruik;pruuk-pruke-pruukske 
pruim;proem-proeme-pruumke 
pruimenvlaai;proemeflaaj 
pruimtabak;proemtebak 
prul;knómmel-knómmels-knummelke 
prutsen;fiespernölle-fiespernölde-gefiespernöld / fioeële-fioeëlde-gefioeëld /foddele-foddelde-gefoddeld /  kloeëte-kloeëtde-gekloeët / knómmele-knómmelde-geknómmeld 
puber;herfshaan-herfshane-herfshaenke 
pudding;bodding 
puist;poe~s-puus-puuske / broebel-broebels-brubelke 
pukkel;broebel-broebels-brubelke 
punt;tómp-tump-tumpke 
purper;pörper 
Tilde : Um aan te gaeve det 'n waord 'ne lange klank haet gebroeke weej de tilde ( ~ ) Beej 't schrieve laote weej de tilde weg.

raad;raod 
raadsel;raodsel-raodsels-räödselke 
raapstelen;steelmoos 
rabarber;rebarber 
rad;raad-rajer-raedje 
raden;raoje-raojde-geraoje 
radijs;redies 
rafel;reifel / knammel 
ragebol;spinnejaeger 
rails;geleis 
rakelen;räökele-räökelde-geräökeld 
rammelaar;remmelke 
rand;rand-rend-rendje 
recht;rech / gerich 
reclameren;rikklamere-rikklameerde-gerikklameerd 
redelijk;raejelik 
reden;raeje 
redeneren;riddenere-riddeneerde-geriddeneerd 
redetwisten;aafstrieje-streej aaf-aafgestreje 
regen;raegen / ziebel 
regenbui;bie~s 
regenen;majjeme-majjemde-gemajjemd / raegene-raegende-geraegend 
regenworm;pierik-pierike-pierikske 
reistas;velie~s 
rekenen;raekene-raekende-geraekend 
rennen;joekere-joekerde-gejoekerd 
relikwie;rillekwie 
remplacant;ramplesant 
reparatie;ripperatie 
repeteren;rippetere-rippeteerde-gerippeteerd 
repetitie;rippetitie 
reputatie;rippetatie 
reumatiek;rimmetiek 
reus ( persoon );kuu~s / kammezäöl 
rib;rub 
riek;reek-reke-reekste 
riem;reem-reme-reemke 
riet;reet 
rij;rie-rieje-rieke 
rijden;rieje-reej-gereje / vare-voor-gevare 
rijgen;rie~ge - rie~gde - gerege / vaeme-vaemde-gevaemp 
rijk;rie~k - rie~ker - rie~kste 
rijkdom;waelmood 
Rijn;Rie~n 
rijnaak;rie~naok 
rijp;rie~p - rie~per - rie~pste 
rijst;rie~s 
rijstevlaai;rie~steflaaj 
rillen ( van de kou );schuvere-schuverde-geschuverd 
rimpel;frunsel 
ring;rink-ringe-ringske 
riool;rioeël 
riooluiteinde;broe~zer 
rodekool;roeëdmoos 
roepen;rope-reep-gerope 
roeping;reuping 
roeren;reure-reurde-gereurd 
Roermond;Remund 
roggebrood;zwartbroeëd 
roken;rouke-roukde-gerouk / dempe-dempde-gedemp / fiempe-fiemde-gefiemp / pave-paafde-gepaaf / versnierke-versnierkde-versnierk 
roker;rouker 
rol;rol-rolle-rölke 
Rome;Roeëme 
romig;roumig-roumiger-roumigste 
rommel;bóch 
rond;rónd-rundje 
rondom;róndum 
rood;roeëd-roeëjer-roeëdste 
roodachtig;roeëdsig 
roodborstje;roeëdbörske 
roodharige;blauwe 
roodstaartje;roeëdstertje 
rook;rouk 
rookvlees;ruikvleis 
room;roum 
roomboter;gooj bótter 
rooster;ruuester 
roosteren;ruuestere-ruuesterde-geruuesterd 
rotzak;nutterd / neetnek 
rotzooi;suig / labberdepoepie 
rouwbrief;doeëdsbreef 
rouwtijd;rouwtie~d 
roven;rouve-roufde-gerouf 
rover;rouver 
roze;raos 
rozenkrans;roeëzekrans-roeëzekrens-roeëzekrenske 
rozijn;rezien 
rug;rök-rögge-rökske / schuch 
ruggegraat;röggegraot 
ruggewervel;röggestrank 
rugzak;rökzak-rökzek-rökzekske / roepzak-roepzek-roepzekske 
ruiken;ruke-rook-geraoke 
ruilen;koe~tele - koe~telde - gekoe~teld / rule-ruulde-geruuld / toese-toesde-getoes 
ruim;ruum-rumer-ruumste 
ruimte;ruumte 
ruit;roe~t - roe~te - ruutje 
ruiter;ruter 
rukken;rökke-rökde-gerök 
rund;rind 
rundvlees;rindsvleis 
rust;rös 
rusteloze;bessemkónt 
rusten;röste-rösde-gerös 
rustig;röstig-röstiger-röstigste 
ruw;rauw-rauwer-rauwste 
ruziemaker;straevelaer 
Tilde : Um aan te gaeve det 'n waord 'ne lange klank haet gebroeke weej de tilde ( ~ ) Beej 't schrieve laote weej de tilde weg.

saffraan;sefraon 
salamander;salemander 
salaris;loeën-loeëne-luuenke / verdeenste 
salpeter;salpieëter 
schaaf;schaaf-schave-schaefke 
schaal;schaol-schaole-schäölke 
schaap;schaop-schäöp-schäöpke 
schaapherder;schieëper 
schaar;schie~r - schie~re - schie~rke 
schade;schaaj 
schadelijk;schaajlik-schaajliker-schaajlikste 
schadelijk insect;óngesiever 
schaden;schaje-schaajde-geschaajd 
schamen;schoefte-schoefde-geschoef 
schande;schand 
schap;schaap-schape-schaepke 
scharensliep;schie~reslie~p 
scharminkel;graotendeef / lattekestie~l 
scharnier;scharneer / gehing 
scharrelen;scherre-scherde-gescherd 
schaven;schave-schaafde-geschaaf 
schavuit;baekvaeger / sniegölp 
scheef;scheif-scheiver-scheifste / wings 
scheel;schael-schaeler-schaelste 
scheermes;schaermets 
scheet;bóksepolver 
scheiden;scheie-scheide-gescheie 
scheiding ( haarkapsel );schei-scheie-scheike 
schelden;schelde-schold-gescholde 
schelen;schaele-schaelde-geschaeld 
schellenboom;belleboum-bellebuim-bellebuimke 
schelp;schölp-schölpe-schölpke 
schenken ( cadeau );bestaeke-bestook-bestaoke / schinke-schónk-geschónke 
schepnet;schöpnit 
scheren;schaere-schoor-geschaore 
schieten;schete-schoot-geschaote 
schijf;schie~f - schie~ve - schiefke 
schijn;schie~n 
schijnen;schiene-scheen-geschene 
schijt;schie~t / bout 
schijten;schie~te - scheet - geschete 
schilferen;schielvere 
schil;schaal-schale-schaelke 
schillen;schelle-schelde-gescheld 
schilfer;schielver 
schimmel;schummel 
schip;scheep-schepe-scheepke 
schmink;sjmienk 
schoen;schoon-schoon-schunke 
schoenmaker;schoester-schoesters-schuusterke / sjoester-sjoesters-sjuusterke 
schoensmeer;wieks / schoonwieks 
schoensmeerdoos;wieksdoeës 
schoenveter;schoonreem 
schoffel;schoefel-schoefels-schufelke 
schok;schoek 
schommelen;schoegele-schoegelde-geschoegeld / sjoenkele-sjoenkelde-gesjoenkeld 
schooier;gezoks / schoef 
school;schoeël-schoeële-schuulke 
schoolplein;speulplaats 
schoolrapport;puntebukske 
schoon;schoeën-schoeëner-schoeënste 
schoonzuster;zwie~gerse 
schoorsteen;schouw-schouwe-schuike 
schoorsteenmantel;schouw 
schoot;slup 
schop;schöp-schöppe-schöpke 
schoppen;schöppe-schöpde-geschöp 
schorem;soepie 
schort;scholk-scholke-schölkske 
schot  ( afscheiding );breet 
schotel;schóttel-schóttele-schuttelke 
schouder;schouwer-schouwers-schuierke 
schoudermantel;pellerien-pelleriene-pellerienke 
schraal;schraol-schraoler-schraolste 
schrapen;scherre-scherde-gescherd 
schreeuw;schrieëw 
schreeuwen;schrieëve-schrieëfde-geschrieëf / kwaeke-kwaekde-gekwaek 
schrijven;schrie~ve - schreef - geschreve 
schrijver;schrie~ver 
schrobben;schroebe-schroebde-geschroeb 
schrobber;schruber 
schroef;schroe~f - schroe~ve - schruufke 
schroefbout;bolt-bölt-böltje 
schroeien;schreuje-schreujde-geschreujd 
schudden;schödde-schödde-geschöd 
schuif;schoe~f - schoe~ve - schuufke 
schuilen;schule-schuulde-geschuuld 
schuilkelder;schuulkelder 
schuim;schoe~em-schuumke 
schuimspaan;schoe~mlaepel 
schuin;schuun-schuner-schuunste 
schuinte;schuunte 
schuiven ( op een stoel );jäöke-jäökde-gejäök / schravele-schravelde-geschraveld 
schuld;schöld 
schuldig;schöldig 
schulp;schölp 
schuren;schore-schoorde-geschoord 
schurft;krets 
schurk;schoef / schörk 
schuur;schop-schöp-schöpke 
schuurpapier;schoorpepeer 
secretaris;sikkertaris 
secuur;genau 
secuur iemand;pinteneuker 
seks hebben;knuipe-knuipde-geknuip 
selderij;selderie 
seminarie;simmenarie 
serveerster;deenster 
servelaatworst;druuegwórs 
sieraad;sieraod-sieräöj-sieräödje 
sierkleedje;dekske 
sigaar (slechte);kwalmstek 
sigaret;bees-beeste-beeske 
sigaretenpeuk;stens 
sikkel;króm-krómme-krumke 
sinaasappel;appelesien 
Sint-Maarten;Sintermerte 
Sint-Nicolaas;Sinterklaos 
Sint-Janskever (vliegend hert );bókkeskaever 
sla;slaaj 
slaan;betrekke-betrok-betrokke / slaon-sloog-geschale / flatse-flatsde-geflats / houwe-houwde-gehouwd / pave-paavde-gepaaf / vaeme-vaemde-gevaemp / vie~me - vie~mde - gevie~md 
slaap;slaop-släöpke 
slabbertje;slabberdukske / zeiverlepke 
slag;slaag-slaeg-slaegske 
slagader;slaagaor 
slager;slechter 
slagerij;slechterie 
slagroom;slaagroum 
slak;slek-slekke-slekske 
slang ( van rubber );sloug 
slap;weik-weiker-weikste 
slapen;slaope-sleep-geslaope 
slapie;slaopkammeraod 
slappe koffie;zouwel 
slecht gekleed;aanpóngele 
slee;slei-sleie-sleike 
sleedoorn;slieën 
sleeën;sleie-sleide-gesleid 
slijk;slie~k 
slijm;slie~m 
slijpen;slie~pe=sleep-geslepe 
slijpsteen;slie~pstein 
slijtage;slietage / verslie~t 
slim;klook-kloker-klookste / slum-slummer-slumste 
slimmerik;kloke / slauwberger / slummerik 
slipjas;slupjas 
slok;sloek-sluuk-sluukske 
sloom persoon;döts 
sloot;sloeët-sloeëte-sluuetje / baek-baeke-baekske 
slot;slaot-släöj-släötje 
sluis;sluu~s 
sluiten;sloe~te - sloot-geslaote / toedoon-deej toe-toegedaon 
slurf;slörf 
slurpen;slörpe 
sluw;slouw-slouwer-slouwste 
smal;smaal-smaler-smaalste 
smart;smert 
smeer;smaer 
smeerlapperij;vetlapperie / vetzooj 
smeerpoets;fiezen ammie / haloenk / vetdel / vetlap 
smeken;smaeke-smaekde-gesmaek 
smelten;smilte-smólt-gesmólte 
smerig;smaerig-smaeriger-smaerigste / fie~s - fie~zer - fie~ste 
smid;smeed 
smijten;kwakke-kwakde-gekwak / smie~te - smeet-gesmete 
smoel;mörf-mörfke 
smokkelaar;smoekelaer 
smurrie;toter / drats 
snaar;snaor-snaore-snäörke 
sneeuw;snieë 
sneeuwen;snieëje-snieëjde-gesnieëd / ruzele-ruzelde-geruzeld ( fiene snieë ) 
snijbonen;snieboeëne 
snijbonenmolen;boeënemeule 
snijden;snieje-sneej-gesneje 
snikken;snoeke-snoekde-gesnoek 
snoeischaar;heggeschie~r 
snoep;sloek 
snoeper;sloeker 
snoepgoed;snoepgrei-snuupke 
snotaap;snótterkoeët-snótterkoeëte-snótterkuuetje 
snotneus;snótterbel / snótter 
snuit;snoe~t - snoe~te - snuutje 
snurken;snörke-snörkde-gesnörk 
soep;soep-suupke 
soepgroen;soepegreun 
soepvlees;soepevleis 
sok;zok-zök-zökske 
sokophouder;zokophalder 
soldaat;soldaot-soldaote-soldäötje / gäötoffeseer 
soms;smeis 
soort;saort 
spaak;speik 
spade;schöp-schöppe-schöpke / spaaj-spaje 
spartelen;spertele-spertelde-gesperteld 
speculaas;speklasie 
speeltol;koekerel 
speen;föpke-föpkes 
spektakelmaker;bandoe~zer 
spel;speul-speule-speulke 
spelen;speule-speulde-gespeuld / póngele-póngelde-gepóngeld 
speler;speuler 
sperma;tif 
spiegel;spegel 
spierballen;muuskes 
spijker;nagel-naegel-naegelke 
spijt;spie~t 
spion;spión-spiónne-spiunke 
spit;heksescheut 
spitskool;sjepeng 
spitten;spaje-spaajde-gespaajd 
splijten;splie~te - spleet-gesplete 
spoelen;speule - speulde - gespeuld 
spook;spoeëk-spoeëke-spuuekske 
spoor;baan-bane-baenke 
spreeuw;spraon-spraone-spräönke 
spreken;spraeke-sprook-gespraoke 
spreker;spraeker 
spriet;speer-spere-speerke 
sprinkhaan  ( sabelsprinkhaan );huipaerd 
sproeien;spreuje-spreujde-gespreujd 
spruit;sproe~t - sproe~te - spruutje 
spuug;speej 
spuugzat;kótsmeug 
spuwen;speje-speejde-gespeejd 
staal;staol 
staan;staon-stónd-gestaon 
staart;stert-sterte-stertje 
staat;staot-staote-stäötje 
stad;stad-staej-stedje 
stadhuis;stadhoe~s 
staf;staaf-staef-staefke 
stal;stal-stalle-stelke 
stallantaarn;stalluch 
stapelen;huipe-huipde-gehuip 
stapelgek;raadgek / stapelerend 
statig;staats 
steeds;altie~d / idderskier / alzelaeve 
steeg;gats-gatse-getske 
steekspade;aafstaekschöp 
steen;stein-stein-steinke 
steenpuist;steinpoe~s 
stekel;staekel 
stekelbaars;staekvis 
steken;staeke-stook-gestaoke 
stelen;staele-stool-gestaole / strietse-strietsde-gestriers / schoepe-schoepde-geschoep 
stem;stum-stumme-stumke 
stemmen;stumme-stumde-gestumd 
stengel;stingel 
step;snelluiper 
sterven;sterve-storf-gestorve 
stijf;stie~f - stie~ver - stie~fste 
stijfsel;stie~fsel 
stikdonker;stikkeduuster / zakkeduuster 
stil (houden);keduuk 
stinken;meure-meurde-gemeurd 
stoeien;kuite-kuitde-gekuit / rölse-rölsde-geröls 
stoel;stool-steul-steulke 
stoelenmatten;beeste 
stof;stóf-stóffe-stufke 
stofzuiger;huuëlbessem 
stok;stek-stekke-stekske 
stoken;staoke-staokde-gestaok 
stoker;stäöker 
stomdronken;kenónnezat / poe~pezat 
stomen;stoume-stoumde-gestoump 
stommerik;douda / driekes / stómmenachtereuver 
stoom;stoum / zwaaj 
stoot;stoeët-stoeëte-stuuetje 
stoppen;ophure- huurde op- opgehuurd 
stopverf;stokverf 
storen;steure-steurde-gesteurd 
stormen;spoe~ze - spoe~sde - gespoe~s 
storing;steuring 
stortregenen;druise-druisde-gedruis 
stoten;stoeëte-stoeëtde-gestoeëte 
stotteren;stramele-stramelde-gestrameld 
straal;straol-straole-sträölke 
straat;straot-straote-sträötjes 
straathond;gäötefiks 
straatjongen;batraver / batjakker 
straatsteen;straotstein 
straatveger;stróntvaeger 
straatvuil;straotendrek 
stralen;straole-straolde-gestraold 
streep;lien-liene-lienke 
strelen;strieële-strieëlde-gestrieëld 
striem;streem 
strijd;strie~d 
strijdig;striejig 
strijken;strie~ke - streek-gestreke 
strijkijzer;strie~kie~zer 
stro;stroeë / struue-struueke 
stromen;struime-struimde-gestruimd 
strompelen;schravele-schravelde-geschraveld 
stront;bout / hoephap / jakkop 
strontje ( op het oog );waegeschie~ter 
strooien;struie-struide-gestruid 
strooisel;struisel 
strook;flang-flange-flengske 
stroom;stroum-struim-struimke 
stroop;kroe~t - kruutje 
stropdas;slieps / strik 
strot;sträöt 
stuifzand;melm 
struikelen;strukele-strukelde-gestrukeld 
stuipen;begaoving 
stuitbeen;stuutje 
stuiven;stuve-stuufde-gestuu~f 
stuiver;stuver 
stuk;fiemel-fiemels-fiemelke / stök-stökker-stökske / pietske 
stukadoren;plie~stere - plie~sterde - geplie~sterd / bepläöstere - bepläösterde - bepläösterd 
sturen;steure-steurde-gesteurd 
stut;stie~p 
suffen;tosse-tosde-getos 
sufferd;braomel / draosbóks / höllewölle / höltje / nölke 
suiker;sókker 
suikerstok;wie~nstaaf 
sukkel;hampeleman 
sul;klipzeiker / nölke 
surrogaatkoffie;moekefoek 
Tilde : Um aan te gaeve det 'n waord 'ne lange klank haet gebroeke weej de tilde ( ~ ) Beej 't schrieve laote weej de tilde weg.

u;geej / óg 
ui;hötje louk 
uien;louk-luikske 
uier;uur-ure-uurke 
uiertepel;dieëm 
uil;uul-ule-uulke 
uilskuiken;uulskuke / stómmen-achtereuver 
uit;oe~t 
uitbotten;oe~tslage- sloog oe~t - oe~tgeslage 
uitdunnen;spieëne-spieënde-gespieënd 
uiteen;oe~tein 
uiteraard;neteurlik 
uiterlijk;waeze 
uiterwaard;wie~rd 
uitfoeteren;oe~tbörstele - börstelde oe~t - oe~tgebörsteld 
uitgaan;bezjoere-bezjoerde-bezjoerd / jatse-jatsde-gejats 
uitgaander;bezjoerder 
uitgaansavond;schölkskesaovend 
uitgave;oe~tgaaf 
uitgebreid;oe~tgebreid 
uitgeput zijn;aan zie~n 
uitgestorven;duueds-duuedser-duuedste 
uithouden;oe~thalde - heel oe~t - oe~tgehalde 
uitkafferen;oe~tschoebe - schoebde oe~t - oe~tgeschoeb 
uitkeren;oe~tkie~re - kie~rde oet - oe~tgekie~rd 
uitlaat;oe~tlaot 
uitlepelen;oe~tscherre - scherde oe~t - oe~tgescherd 
uitnodigen;nuueje-nuuejde-genuuejd 
uitslag;oe~tslaag - oe~tslaeg 
uitvoerig;oe~tveurig - oe~tveuriger - oe~tveurigste 
uitvoering;oe~tveuring 
uitzien (ww);oe~tzeen - zoog oe~t - oe~tgezeen 
unster ( weeghaak );punder 
uur;oor-ore-eurke 
uw;óg / ógge 
Tilde : Um aan te gaeve det 'n waord 'ne lange klank haet gebroeke weej de tilde ( ~ ) Beej 't schrieve laote weej de tilde weg.

vaak;dök-dökker-dökste 
vaartje ( met een .. );( met 'n ) zeis 
vaas;faas-faze-faeske 
vaatdoek;schóttelslet 
vacht;vach-vachte-vechske 
vallen;valle-veel-gevalle 
valsspeler;foe~telaer 
vanaf;vanaaf 
vandaar;deswaege / dao van dan 
vangen;vange-vóng-gevange 
vanille;fenielje 
vanzelf;vaneiges 
varken;verke-verkes-verkske 
varkenspoot;hieëske 
vast;aan 
vastbinden;aansnalle-snalde aan-aangesnald 
vastenavond;vastelaovend 
vastgrijpen;snutte-snutde-gesnut / bediste-bedisde-bedis 
vat;vaat-vate-vaetje 
vechten;preugele-preugelde-gepreugeld 
vee;vieë 
veel;vuuel-mier-meiste / ('n hiele) houp / ('ne) bónk 
veer;vaer-vaere-vaerke 
veerpont;vaer 
veertien;viertieën 
vegen;kaere-kaerde-gekaerd / besseme-bessemde-gebesemd / vaege-vaegde-gevaeg 
veiligheidspel;sloe~tspeld 
veldboeket;kroe~dwis 
velg;velling 
venijn;venien 
Venlonaar;Venlonaer / reubezak-reubezek-reubezekske 
venster;raam-rame-raemke / vinster-vinsters-vinsterke 
vensterbank;vinsterbank 
ventiel;fentiel 
ver;vaer-vaerder-vaerste / wie~d-wiejer-wiedste 
veraf;wie~daaf 
verweg;wie~dweg 
verbeelding;inbeel 
verbergen;versoppe-versopde-versop 
verbeteren;verbaetere-verbaeterde-verbaeterd 
verbieden;verbeje-verbooj-verbaoje 
verbranden;verbörre-verbörde-verbörd 
verbruik;verbroe~k-verbroekde-verbroek 
verdedigen;verdeidige-verdeidigde-verdeidig 
verdelen;verdeile-verdeilde-verdeild 
verdienen;verdene-verdeende-verdeend 
verdoven;verdouve-verdoufde-verdouf 
verdrag;verdraag 
verdragen ( zich );vaele-vaelde-gevaeld / verstaon-verstónd-verstaon 
verdriet;ozel / verdreet 
verduidelijken;verduutse=verduutsde-verduuts 
verdwijnen;verdwiene-verdween-verdwene / pleite-pleitde-gepleit 
vereeuwigen;verieëwige-verieëwigde-verieëwig 
vereniging;vereiniging 
vergeetachtig;vergaetechtig 
vergeetal;vergaetbóks 
vergelijken;vergelie~ke-vergeleek-vergeleke 
vergeten;vergaete-vergoot-vergaete 
vergiet;doorslaag 
vergift;gif 
vergrijzing;vergrie~zing 
vergroten;vergruuete-vergruuetde-vergruued 
vergroting;vergruueting 
vergulden;vergölde-vergölde-vergöld 
verhaal;verhaol-verhaole-verhäölke 
verharen;verhäöre-verhäörde-verhäörd 
verheugen ( zich );spitse-spitsde-gespits 
verhogen;verhuuege-verhuuegde-verhuueg 
verhouding;verhalding 
verhuizen;verhoe~ze - verhoe~sde - verhoe~s 
verjaardag;verjäördaag / verjäörsdaag 
verjaren;verjäöre-verjäörde-verjäörd 
verkeer;verkie~r 
verkeerd;verkie~rd 
verkeersbord;verkie~rsbord 
verkering;verkie~ring 
verkering beginnen;aanmake-makde aan-aangemak / sjanse-sjansde-gesjans 
verklaren;verklaore-verklaorde-verklaord 
verkleden-verkleide-verkleid;verkleie 
verkleumen;verniekele-verniekelde-verniekeld 
verknallen;verkloeëte-verkloeëtde-verkloeëd 
verkneukelen;begaje-begaajde-begaajd / greuzele-greuzelde-gegreuzeld 
verkoop;verkoup 
verkoopster;verkuipster 
verkoper;verkuiper 
verkouden;verkald 
verkreukelen;verfroemele-verfroemelde-verfroemeld / verfrunsele-verfrunselde-verfrunsled 
verkruimelen;verkrumele-verkrumelde-verkrumeld 
verkwister;opmaeker 
verlagen;verlieëge-verlieëgde-verlieëg 
verlaten;verlaote-verleet-verlaote 
verleden;verleje 
verlegen;einkinnig 
verlengen;verlinge-verlingde-verlingk 
verliefd;verleef 
verlies;verlees 
verliezen;verlere-verloor-verlaore 
verloofde;bruudje 
verlopen;verloupe-verleep-verloupe 
vermicelli;fermesjel 
vermoedelijk;dinkelik 
vermoeid;aan 
vermoeidheid;meugigheid 
vernemen;verneme-vernoom-vernaome 
vernielen;vermuibele / vernele / verschandelisere / verrannewere 
verouderen;veraldere-veralderde-veralderd 
verpatsen;verkiemele-verkiemelde-verkiemeld 
verraad;verraod 
verraden;verraoje-verraojde-verraoje 
verrekijker;vaerekie~ker 
verschillen;verschaele-verschaelde-verschaeld 
verschillende;verscheie 
verschonen;verschuuene-verschuuende-verschuuend 
verschrompelen;verschrumpele-verschrumpelde-verschrumpeld 
verslag;verslaag-verslage 
versleten kleding;póngel-póngels-pungelke 
verslijten;verslie~te - versleet-verslete 
verspelen;verspeule-verspeulde-verspeuld 
verstaan ( zich );verstaon-verstónd-verstaon 
verstand;bezei / baovekamer 
verstandig;verstendig-verstendiger-verstendigste 
verstoppertje;bergemuuske 
verstuiken;verstoeke-verstoekde-verstoek 
versuikeren;versókkere-versókkerde-versókkerd 
verte;vaerte 
verteren;vertaere-vertaerde-vertaerd / verdouwe-verdouwde-verdouwd 
vertillen;verhöffe-verhöfde-verhöf 
vertrouwd;eige 
vervallen;schevaak 
vervelen;vervaele-vervaelde-vervaeld 
vervelend;mieterig / vervaelentig 
verveling;vervaelentigheid 
vervuilen;vervoele-vervoelde-vervoeld 
verwaandheid;inbeel 
verwelken;ruzele-ruzelde-geruzeld 
verwijden;wieje-wiejde-gewied 
verwijfd;verwie~f 
verwijten;verwie~te - verweet- verwete 
verwonderen (zich);wóndere-wónderde-gewónderd 
verwoorden;verduutse-verduutsde-verduuts 
verzachten;verzaachte-verzaachtde-verzaach 
verzadigd;aan / bedis 
verzoek;verzeuk 
verzorgen;betruie-betruide-bedtruid 
verzuren;verzore-verzoorde-verzoord 
verzwaren;verzwaore-verzwaorde-verzwaord 
vest;ves-veste-vesje 
vestzakje;vesjesteske 
vetknobbel;vetbuul 
veter;reem / schoonreem 
veulen;väöle-väöles-väölentje 
vezel;vaezel 
vier;veer 
vierde;veerde 
vierkant;veerkentig 
vies;fie~s - fie~zer - fie~ste 
viespeuk;ammie / vetdel / vetlap / vetkanis 
vijf;vie~f 
vijftig;fieftig 
vijg;vie~g - vie~ge - vie~gske 
vijl;viel 
vijver;vie~ver 
vinden;vinde-vónd-gevónde 
vink;bookvink 
violist;fioelis / fiedelaer 
viool;fioeël-fioeële-fiuuelke 
vishengel;visgaerd 
vislijn;viem 
vistraan;traon 
vitaal;kevief 
vlaai;flaaj-flaje-flaejke 
vleermuis;vlaermoe~s - vlaermuus - vlaermuuske 
vlees;vleis 
vleien;moeke-moekde-gemoek 
vlek;plek-plekke-plekske 
vlieg;vleeg-vlege-vleegske 
vliegen;vlege-vloog-gevlaoge 
vliegenvanger;vlegevenger 
vliegenpoep;vlegescheet 
vliegenraam;häörtje 
vlieger;windvogel 
vliegtuig;vleegmesjien 
vlierhout;fluitjesholt 
vlijmscherp;vliemscherp 
vlijtig;vlie~tig - vlie~tiger - vlie~tigste 
vlinderdas;nóndejuke 
vlo;vloeë-vluue-vluueke 
vloeken;godverre-godverde-gegodverd 
vloer;vloer-vloere-vluuerke 
vloertegel;plevuu~s - plevuze - plevuuske 
vlooi;vloeë-vluue-vluueke 
vlooien;vloeëje-vloeëjde-gevloeëjd 
vloot;vloeët-vloeëte-vluuetje 
vluchten;fiete-fietde-gefiet 
vlug;flot-flotter-flotste 
vocht;vóch 
vod;fóddel-föddels-föddelke / pröl-prölle-prölke 
vodden;lómpe 
voddenkoopman;lómpekrieëmer 
voederbiet;ónkelreub 
voeg;voog-voge-veugske 
voelen;veule-veulde-geveuld 
voeren;vore-voorde-gevoord 
voering;voring 
voerman;voorman-voorluuj 
voet;voot-veut-vutje 
voeten ( grote );platspuuet 
voetganger;vootgenger 
voetpad;paad-pajer-paedje 
vogel;vogel-veugel-veugelke 
vogelnestje;bóch-buch-buchske 
vogeltje;kwag-kwagge-kwegske 
voldoende;zat 
volgens;volges 
voile;fuulke 
volgende dag;'s anderdaags / daags d'r op 
volgende maand;ander maond 
volgende week;ander waek 
volledig;gans 
voor;veur 
vooraan;veuraan 
vooral;veural 
voordoen;veurdoon 
voorheen;veurhaer 
voorjaar;veurjaor / vruu~gjaor 
voorste;veurste 
voortdurend;aaneinaan 
vooruit !;alla ! 
vorig;vurrig 
vork ( eetgerei );vorket-vorkette-vorketje 
vork ( fiets );vork-vorke-vörkske 
vorm;vorm-vorme-vörmpke 
vorst;gevruu~s 
vouw;vaaj-vaje-vaejke 
vraag;vraog-vraoge-vräögske 
vreemde;vraemde 
vrek;penningefoekser 
vreten;vraete-vroot-gevraete 
vriend;kammeraod-kammeräöj-kammeräödje / vrind-vrinde-vrindje 
vriendelijk;vrintelik - vrinteliker-vrintelikste 
vriendin;vrindin-vrindinne-vrindinke 
vrieslucht;vruu~slóch 
vriesweer;vruu~swaer 
vriezen;vrere-vroor-gevraore 
vriezen ( hard );bakke 
vrij;vreej-vrejer-vreeste 
vrijdag;vrie~daag 
vrijer;vrejer 
vrijgezel;vreejgezel / faatse 
vroedvrouw;wie~svrouw 
vroeg;vruu~g - vruger - vruu~gste 
vroeger;ie~rs / veurhaer / vruger 
vrolijk;loestig / poe~peloestig 
vrouw;vroumes-vrouwluuj / vrouw-vrouwe-vruike / trees-treze-treeske 
vrouw ( robuust );meulepaerd / muibel / medoelje 
vrouw ( slordig );sloebertrees 
vrouw ( die nooit thuis is );floetsmedam 
vrouwtjesdier;wiefke 
vuilak;voelak 
vuilmaken;oe~tstrie~ke - streek oe~t - oe~tgestreke 
vuilnis;drek / knoeëj 
vuilnisbak;dreksbak-dreksbek 
vuilnisbelt;puin / drekshoup 
vuilnisemmer;drekseimer 
vuilniswagen;dreksker 
vuilniszak;drekstäöt 
vuist;voe~s-vuus-vuuske 
vullen;völle-völde-gevöld 
vuur;veur-veure-veurke 
vuursteentje;ketssteinke 
vuurtje stoken;vinke-vinkde-gevink 
Tilde : Um aan te gaeve det 'n waord 'ne lange klank haet gebroeke weej de tilde ( ~ ) Beej 't schrieve laote weej de tilde weg.

waaien;weie-wiede-geweid / boe~ze-boe~sde-geboe~s 
waaier;weier 
waar ( waarheid );waor 
waar  ( ? );wao 
waarbij;waobeej 
waarde;waerde 
waardig;waerdig 
waarheid;waorheid 
waarmee;waomei 
waarom;waorum 
waarvoor;waoveur 
wablief;wableef 
wachthuisje;wachhuuske 
wafel;waofel-waofels-wäöfelke 
wagen;wage-wages-waegentje 
wagenwijd;wagewie~d 
wagon;wagón-wagónne-wagunke 
wal;wal-walle-welke 
walm;kwalm / bläök 
walmen;kwalme-kwalmde-gekwalmp / bläöke-bläökde-gebläök 
wals;wals-walse-welske 
wang;wang-wange-wengske 
wankelen;dazele-dazelde-gedazeld 
wanneer;wannie~r 
wanorde;ónderein 
wapen;waope 
warm;werm-wermer-wermste 
warmte;wermte 
wasbord;wasrie~f 
wasknijper;waspinke 
water;majjem 
waterbrood;watermik - watermigke - watermikskes 
waterdamp;zwaaj 
waterketel;moeër 
waterpompbak;pómpestein 
wc;drökdoeës / huuske / kakdoeës / poepdoeës / schie~thoe~s 
we;weej 
weduwe;widvrouw 
weduwnaar;widman 
weegschaal;waegschaol 
week;waek-waeke-waekske 
weelde;waeld / waelmood 
weemoedig;weemeujig-weemeujiger-weemeujigste 
weer  ( mooi weer );waer-waerke 
weerhuisje;waerhuuske 
wees;weis-weize-weiske 
weg (znw);waeg-waeg-waegske 
weg (bw);eweg 
wegen;waege-woog-gewaoge 
weggaan;aafhouwe-houwde aaf-aafgehouwe / pleite-pleitde-gepleit / smette- smetde-gesmet 
weggooien;wegkiepe-kiepde weg-weggekiep 
weglopen;fiete-fietde-gefiet /  bein make / klater (op de klater gaon)/ wiek ( van wiek houwe ) 
wegmoffelen;wegfoezele-foezelde weg-weggefoezeld / moefele-moefelde weg-weggemoefeld 
wegnemen;pieëtere-pieëterde-gepieëterd / snutte-snutde-gesnut 
wegrennen;ketse-ketsde-gekets / stiefte-stiefde-gestief 
wegstrepen;doordoon 
weifelen;wie~fele - wie~felde - gewie~feld 
wekelijks;waekeliks 
weken;weike-weikde-geweik 
wel;waal 
welnu;dèh 
wenkbrauw;ougsbrauw / winkbrauw 
wenken;winke-wónk-gewónke 
wennen;winne-winde-gewind 
wens;wins-winse-winske 
wenselijk;winselik 
wensen;winse-winsde-gewins 
wereld;waereld 
wereldgeestelijke;waereldgeistelik 
wereldwijd;waereldwìe~d 
werkelijk;wörkelik 
weten;weite-wis-geweite 
wethouder;wethalder 
weven;waeve-waefde-gewaeve 
wie;wae 
wiebelen;wiemele - wiemelde-gewiemeld / schravele-schravelde-geschraveld 
wiebelkont;dreikónt 
wieden;gaeje-gaejde-gegaejd 
wieg;weeg-wege-weegske 
wiegen;wege-weegde-geweeg 
wiel;raad-rajer-raedje 
wieroken;wiereke-wierekde-gewierek / wierikse-wierksde-gewieriks 
wierookvat;wierikspot-wierikspöt-wierikspötje 
wij;weej 
wijden;wie~je - wie~jde - gewie~d 
wijf;wie~f - wie~ver - wiefke 
wijk;wie~k 
wijn;wie~n - wienke 
wijnkelder;wie~nkelder 
wijs;wie~s - wie~zer - wie~ste 
wijsneus;betje behei 
wijwater;wiewater 
wijwatervaatje;wiewaterbekske / wiewatersvaetje 
wijzen;wie~ze - wees-geweze 
wildebras;roepzak 
wilgenkatje;kattemieske / ketje 
willen;wille-woel-gewild 
windbuks;puuskesgewaer 
windje  ( een.. laten );puupke ( 'n .. laote ) 
winnen;winne-wón-gewónne 
winst;wins 
witbrood;mik-migke-mikske 
wittekool;kappes 
witten;kelke-kelkde-gekelk 
woedend;giftig-giftiger-giftigste 
wolk;wolk-wolke-wölkske 
wond;wónd-wónde-wundje 
wonder;wónder 
wondkorst;raof-räöf-räöfke 
wondroos;belroeës 
wonen;woeëne-woeënde-gewoeënd 
woning;woeëning-woeëninge-wuueninkske 
woord;waord-wäörd-wäördje 
worden;waere-woort-gewaore 
worm;pierik-pierike-pierikske / worm-wörm-wörmke 
worst;wors-worste-wörske 
wortel;wortel-wortele-wörtelke 
wrak;schebraak 
wreef;trees 
wreken;vraeke-vraekde-gevraoke 
wrijven;vrie~ve-vreef-gevreve 
wringen;vringe-vróng-gevrónge 
wroeten;vreute-vreutde-gevreut / dabbe 
wurgen;wörge-wörgde-gewörg 
Tilde : Um aan te gaeve det 'n waord 'ne lange klank haet gebroeke weej de tilde ( ~ ) Beej 't schrieve laote weej de tilde weg.

zaad;zaod-zäödje 
zaag;zaag-zage-zaegske 
zaaien;zeie-zeide-gezeid 
zaaigoed;zaodgood 
zaak;zaak-zake-zaekske 
zaal;zaal-zale-zaelke 
zacht;weik-weiker-weikste/ zaach-zaachter-zaachste 
zachtjes;zutjes 
zadel;zaal-zale-zaelke 
zak;täöt-täöte-täötjes / zak-zek-zekske 
zakken ( voor een examen );flatse-flatsde-geflats 
zalf;zalf-zelfke 
zanger;zenger 
zangerig;zengerig 
zaniken;näöle-näölde-genäöld / maeke-maekde-gemaek 
zaniker;maekerd / miskefieter /  näöler / zemelezeiker / zeikdieëm 
zaterdag;zaoterdaag 
ze;zeej 
zee;zieë 
zeem;zieëm-zieëme-zieëmke 
zeep;zeip 
zeepbakje;zeipbekske 
zegenen;zaegene-zaegende-gezaegend 
zeggen;zegge-zag-gezag 
zeis;zich-zichte-zichske 
zelfgemaakt;eigegemak 
zemen;zieëme=zieëmde-gezieëmp 
zestig;sestig 
zetel;zaetel 
zeug;zoog-zoge-zeugske 
zeuren;ziemelen-ziemelde-geziemeld / fiepe-fiepde-gefiep 
zeurkous;hangoeër / sanikmuts / toedewaaj / zeikstreen / zemelkónt / zemelezeiker / ziemelaer 
zeventig;sevetig 
zever;zeiver 
ziek;krank 
ziekelijk;krenkelik 
ziekenhuis;gashoe~s-gashuzer 
ziekte;krengte 
ziel;zeel-zeke-zeelke 
zien;zeen-zoog-gezeen 
zij;zeej 
zijde  ( stof );zie 
zijde ( llichaamsdeel;ziej 
zijdelings;ziejelings 
zijkant;ziej 
zijn;zien-waas-gewaes 
zilveruitje;luikske 
zingen;zinge-zóng-gezónge / galdere-galderde-gegalderd 
zinken;zinke-zónk-gezónke 
zitten;zitte-zoot-gezaete 
zitvlak;baojem-baojems-bäöjemke / kónt-kónte-kuntje / vot-votte-vötje 
zo;zoeë 
zoals;zoeëas 
zodat;zoeëdet 
zoeken;zeuke-zóch-gezóch 
zoen;kösmoel-kösmoele-kösmuulke 
zoet;zeut-zeuter-zeutste 
zoethout;zeuthólt 
zoetigheid;zeutigheid 
zogezegd;zoeëgezag 
zojuist;daonet / juustement / toenet 
zolder;zölder-zölders 
zomen;zuime-zuimde-gezuimp 
zon;zón-zunke 
zondag;zóndaag 
zonde;zund 
zonder;zónder 
zonlicht;zónleech 
zonneklaar;dudelik 
zool;zaol-zaole-zäölke 
zoom;zoum-zuim-zuimke 
zoon;zoon-zeuns-zeunke 
zootje;zooj 
zorg;zörg 
zorgen;zörge-zörgde-gezörg 
zottepraat;babbeleguutjes 
zouaaf;zwaaf-zwave 
zout;zalt-zalter-zaltste 
zoutje;zaltdröpke 
zoutvaatje;zaltpötje 
zoveel;zoëvuuel 
zover;zoeëvaer / zoeëwie~d 
zuiden;zuje 
zuiderling;zujerling 
zuigen;zuge-zoog-gezaoge 
zuiger;zuger 
zuigfles;zuugfles 
zuil;zuul-zule-zuulke 
zuinig;zunig-zuniger-zunigste 
zuipen;buize / zoe~pe-zoop-gezaope 
zuivel;zuvel 
zuiver;fien-fiener-fienste / zuver-zuverder-zuverste 
zuiveringzout;zuveringszalt 
zulke;zó'n 
zullen;zulle-zoel 
zult;huidvleis 
zuur;zoor-zoorder-zoorste / zoorsig 
zuurkool;zoormoos 
zuurpruim;zoorproem 
zwaaien;zweie-zweide-gezweid 
zwaar;zwaor-zwaorder-zwaorste 
zwaarlijvig;zwaorlie~vig 
zwager;zwaoger 
zwak;zwaak-zwaker-zwaakste 
zwaluw;zwalm-zwalme-zwelmke 
zwanger;aantelle- telde aan-aangeteld 
zweefmolen;slingerkannepee 
zweep;peits / smik 
zweer;zwaer-zwaere-zwaerke 
zweet;zweit 
zweetvoeten;zweitpuuët 
zwembroek;zwumbóks 
zwemmen;kielpe-kielpde-gekielp / zwumme-zwóm-gezwómme 
zwengel;zwingel 
zweren;zwaere-zwoor-gezwaore 
zweten;zweite-zweitde-gezweit 
zwijgen;zwie~ge=zweeg-gezwege 
zwijn;zwein 
zwoegen;kneure-kneurde-gekneurd / knure-knuurde-geknuurd / poejakke-poejakde-gepoejak / wule-wuulde-gewuuld 
zwoeger;wuler